{
    "ndk_module_path" :[
        "${COCOS_X_ROOT}/cocos2d-x-3.10",
        "${COCOS_X_ROOT}/cocos2d-x-3.10/cocos",
        "${COCOS_X_ROOT}/cocos2d-x-3.10/external"
    ],
    "copy_resources": [
        {
            "from": "../../../src",
            "to": "src"
        },
        {
            "from": "../../../res",
            "to": "res"
        },
        {
            "from": "../../../main.js",
            "to": ""
        }
    ],
    "must_copy_resources": [
        {
            "from": "../../../script",
            "to": "script"
        },
        {
            "from": "../../../config.json",
            "to": ""
        },
        {
            "from": "../../../project.json",
            "to": ""
        } 
    ]
}
