{
  "ID": "5c5d06e3-15c2-4499-81b1-0c4cbb0e6fab",
  "Version": "3.10.0.0",
  "Name": "action",
  "Content": {
    "Content": {
      "Animation": {
        "Duration": 0,
        "Speed": 1.0,
        "Timelines": [],
        "ctype": "TimelineActionData"
      },
      "AnimationList": [],
      "ObjectData": {
        "Tag": 50,
        "Size": {
          "X": 640.0,
          "Y": 838.0
        },
        "Name": "Layer",
        "ctype": "LayerObjectData"
      },
      "UsedResources": [],
      "ctype": "GameFileData"
    }
  },
  "Type": "Layer"
}