{
  "ID": "56cf77f9-cb8d-4e4e-8048-04c9b0c356e4",
  "Version": "3.10.0.0",
  "Name": "chatnormal",
  "Content": {
    "Content": {
      "Animation": {
        "Duration": 0,
        "Speed": 1.0,
        "Timelines": [],
        "ctype": "TimelineActionData"
      },
      "AnimationList": [],
      "ObjectData": {
        "Tag": 67,
        "Children": [
          {
            "IsCustomSize": true,
            "FontSize": 24,
            "LabelText": "Text Label",
            "HorizontalAlignmentType": "HT_Center",
            "VerticalAlignmentType": "VT_Center",
            "OutlineColor": {
              "G": 0,
              "B": 0
            },
            "ShadowColor": {
              "R": 110,
              "G": 110,
              "B": 110
            },
            "ShadowOffsetX": 2.0,
            "ShadowOffsetY": -2.0,
            "AnchorPoint": {
              "ScaleX": 0.5,
              "ScaleY": 0.5
            },
            "Position": {
              "X": 320.4707,
              "Y": 19.4707
            },
            "Scale": {
              "ScaleX": 1.0,
              "ScaleY": 1.0
            },
            "CColor": {
              "R": 26,
              "G": 26,
              "B": 26
            },
            "IconVisible": false,
            "PrePosition": {
              "X": 0.5007,
              "Y": 0.5409
            },
            "PreSize": {
              "X": 1.0,
              "Y": 0.6667
            },
            "LeftMargin": 0.4707,
            "RightMargin": -0.4707,
            "TopMargin": 4.5293,
            "BottomMargin": 7.4707,
            "Tag": 68,
            "ActionTag": -1860521227,
            "Size": {
              "X": 640.0,
              "Y": 24.0
            },
            "Name": "ft_text",
            "ctype": "TextObjectData"
          }
        ],
        "Size": {
          "X": 640.0,
          "Y": 36.0
        },
        "Name": "Layer",
        "ctype": "LayerObjectData"
      },
      "UsedResources": [],
      "ctype": "GameFileData"
    }
  },
  "Type": "Layer"
}