{
  "ID": "465b3571-4251-4132-b6c0-f4c9824cffc4",
  "Version": "3.10.0.0",
  "Name": "chatsys",
  "Content": {
    "Content": {
      "Animation": {
        "Duration": 0,
        "Speed": 1.0,
        "Timelines": [],
        "ctype": "TimelineActionData"
      },
      "AnimationList": [],
      "ObjectData": {
        "Tag": 57,
        "Children": [
          {
            "ClipAble": false,
            "BackColorAlpha": 102,
            "SingleColor": {
              "R": 150,
              "G": 200
            },
            "FirstColor": {
              "R": 150,
              "G": 200
            },
            "EndColor": {},
            "ColorVector": {
              "ScaleY": 1.0
            },
            "Scale9Width": 1,
            "Scale9Height": 1,
            "TouchEnable": true,
            "AnchorPoint": {},
            "Position": {
              "X": 0.0,
              "Y": 0.0
            },
            "Scale": {
              "ScaleX": 1.0,
              "ScaleY": 1.0
            },
            "CColor": {},
            "IconVisible": false,
            "PrePosition": {
              "X": 0.0,
              "Y": 0.0
            },
            "PreSize": {
              "X": 1.0,
              "Y": 1.0
            },
            "Tag": 33,
            "Children": [
              {
                "IsCustomSize": true,
                "FontSize": 24,
                "LabelText": "99999",
                "HorizontalAlignmentType": "HT_Center",
                "VerticalAlignmentType": "VT_Center",
                "OutlineColor": {
                  "G": 0,
                  "B": 0
                },
                "ShadowColor": {
                  "R": 110,
                  "G": 110,
                  "B": 110
                },
                "ShadowOffsetX": 2.0,
                "ShadowOffsetY": -2.0,
                "AnchorPoint": {
                  "ScaleX": 0.5,
                  "ScaleY": 0.5
                },
                "Position": {
                  "X": 320.0,
                  "Y": 18.0
                },
                "Scale": {
                  "ScaleX": 1.0,
                  "ScaleY": 1.0
                },
                "CColor": {
                  "R": 26,
                  "G": 26,
                  "B": 26
                },
                "IconVisible": false,
                "PrePosition": {
                  "X": 0.5,
                  "Y": 0.5
                },
                "PreSize": {
                  "X": 1.0,
                  "Y": 0.6667
                },
                "TopMargin": 6.0,
                "BottomMargin": 6.0,
                "Tag": 59,
                "Children": [
                  {
                    "ClipAble": false,
                    "BackColorAlpha": 102,
                    "ComboBoxIndex": 1,
                    "SingleColor": {
                      "R": 127,
                      "G": 127,
                      "B": 127
                    },
                    "FirstColor": {
                      "R": 150,
                      "G": 200
                    },
                    "EndColor": {},
                    "ColorVector": {
                      "ScaleY": 1.0
                    },
                    "Scale9Width": 1,
                    "Scale9Height": 1,
                    "TouchEnable": true,
                    "AnchorPoint": {
                      "ScaleX": 0.5,
                      "ScaleY": 0.5
                    },
                    "Position": {
                      "X": 640.0,
                      "Y": 12.0
                    },
                    "Scale": {
                      "ScaleX": 1.0,
                      "ScaleY": 1.0
                    },
                    "CColor": {},
                    "IconVisible": false,
                    "PrePosition": {
                      "X": 1.0,
                      "Y": 0.5
                    },
                    "PercentWidthEnable": true,
                    "PercentWidthEnabled": true,
                    "PreSize": {
                      "X": 0.0,
                      "Y": 1.5
                    },
                    "HorizontalEdge": "RightEdge",
                    "LeftMargin": 640.0,
                    "TopMargin": -6.0,
                    "BottomMargin": -6.0,
                    "Tag": 58,
                    "ActionTag": 1194877111,
                    "Size": {
                      "X": 0.0,
                      "Y": 36.0
                    },
                    "Name": "Panel_1",
                    "ctype": "PanelObjectData"
                  }
                ],
                "ActionTag": 1720100883,
                "Size": {
                  "X": 640.0,
                  "Y": 24.0
                },
                "Name": "ft_text",
                "ctype": "TextObjectData"
              }
            ],
            "ActionTag": -1379728250,
            "Size": {
              "X": 640.0,
              "Y": 36.0
            },
            "Name": "Panel_2",
            "ctype": "PanelObjectData"
          }
        ],
        "Size": {
          "X": 640.0,
          "Y": 36.0
        },
        "Name": "Layer",
        "ctype": "LayerObjectData"
      },
      "UsedResources": [],
      "ctype": "GameFileData"
    }
  },
  "Type": "Layer"
}