{
  "ID": "5d3bcd65-5415-4b2d-a1d2-69c51fa58663",
  "Version": "3.10.0.0",
  "Name": "gamelog",
  "Content": {
    "Content": {
      "Animation": {
        "Duration": 0,
        "Speed": 1.0,
        "Timelines": [],
        "ctype": "TimelineActionData"
      },
      "AnimationList": [],
      "ObjectData": {
        "Tag": 161,
        "Children": [
          {
            "ClipAble": true,
            "FileData": {
              "Type": "Normal",
              "Path": "userCenter/Top_icon.png",
              "Plist": ""
            },
            "ComboBoxIndex": 1,
            "SingleColor": {
              "R": 66,
              "G": 0,
              "B": 97
            },
            "FirstColor": {
              "R": 150,
              "G": 200
            },
            "EndColor": {},
            "ColorVector": {
              "ScaleY": 1.0
            },
            "Scale9OriginX": 179,
            "Scale9OriginY": 28,
            "Scale9Width": 282,
            "Scale9Height": 58,
            "TouchEnable": true,
            "AnchorPoint": {},
            "Position": {
              "X": 0.0,
              "Y": 0.0
            },
            "Scale": {
              "ScaleX": 1.0,
              "ScaleY": 1.0
            },
            "CColor": {},
            "IconVisible": false,
            "PrePosition": {
              "X": 0.0,
              "Y": 0.0
            },
            "PreSize": {
              "X": 1.0,
              "Y": 1.0
            },
            "Tag": 162,
            "Children": [
              {
                "IsCustomSize": true,
                "FontSize": 24,
                "LabelText": "房间号",
                "HorizontalAlignmentType": "HT_Center",
                "VerticalAlignmentType": "VT_Center",
                "OutlineColor": {
                  "G": 0,
                  "B": 0
                },
                "ShadowColor": {
                  "R": 110,
                  "G": 110,
                  "B": 110
                },
                "ShadowOffsetX": 2.0,
                "ShadowOffsetY": -2.0,
                "AnchorPoint": {
                  "ScaleY": 0.43
                },
                "Position": {
                  "X": 0.0,
                  "Y": 22.4297
                },
                "Scale": {
                  "ScaleX": 1.0,
                  "ScaleY": 1.0
                },
                "CColor": {},
                "IconVisible": false,
                "PrePosition": {
                  "X": 0.0,
                  "Y": 0.4486
                },
                "PreSize": {
                  "X": 0.2188,
                  "Y": 1.0
                },
                "RightMargin": 500.0,
                "TopMargin": -0.9297,
                "BottomMargin": 0.9297,
                "Tag": 163,
                "ActionTag": 228856487,
                "Size": {
                  "X": 140.0,
                  "Y": 50.0
                },
                "Name": "ft_roomid",
                "ctype": "TextObjectData"
              },
              {
                "IsCustomSize": true,
                "FontSize": 24,
                "LabelText": "游戏类型",
                "HorizontalAlignmentType": "HT_Center",
                "VerticalAlignmentType": "VT_Center",
                "OutlineColor": {
                  "G": 0,
                  "B": 0
                },
                "ShadowColor": {
                  "R": 110,
                  "G": 110,
                  "B": 110
                },
                "ShadowOffsetX": 2.0,
                "ShadowOffsetY": -2.0,
                "AnchorPoint": {
                  "ScaleY": 0.5
                },
                "Position": {
                  "X": 140.0,
                  "Y": 25.0
                },
                "Scale": {
                  "ScaleX": 1.0,
                  "ScaleY": 1.0
                },
                "CColor": {},
                "IconVisible": false,
                "PrePosition": {
                  "X": 0.2188,
                  "Y": 0.5
                },
                "PreSize": {
                  "X": 0.1563,
                  "Y": 1.0
                },
                "LeftMargin": 140.0,
                "RightMargin": 400.0,
                "Tag": 164,
                "ActionTag": 1142329546,
                "Size": {
                  "X": 100.0,
                  "Y": 50.0
                },
                "Name": "ft_game",
                "ctype": "TextObjectData"
              },
              {
                "IsCustomSize": true,
                "FontSize": 24,
                "LabelText": "时间",
                "HorizontalAlignmentType": "HT_Center",
                "VerticalAlignmentType": "VT_Center",
                "OutlineColor": {
                  "G": 0,
                  "B": 0
                },
                "ShadowColor": {
                  "R": 110,
                  "G": 110,
                  "B": 110
                },
                "ShadowOffsetX": 2.0,
                "ShadowOffsetY": -2.0,
                "AnchorPoint": {
                  "ScaleY": 0.5
                },
                "Position": {
                  "X": 240.0,
                  "Y": 25.0
                },
                "Scale": {
                  "ScaleX": 1.01,
                  "ScaleY": 1.0
                },
                "CColor": {},
                "IconVisible": false,
                "PrePosition": {
                  "X": 0.375,
                  "Y": 0.5
                },
                "PreSize": {
                  "X": 0.2344,
                  "Y": 1.0
                },
                "LeftMargin": 240.0,
                "RightMargin": 250.0,
                "Tag": 165,
                "ActionTag": -1650085820,
                "Size": {
                  "X": 150.0,
                  "Y": 50.0
                },
                "Name": "ft_time",
                "ctype": "TextObjectData"
              },
              {
                "IsCustomSize": true,
                "FontSize": 24,
                "LabelText": "金币",
                "HorizontalAlignmentType": "HT_Center",
                "VerticalAlignmentType": "VT_Center",
                "OutlineColor": {
                  "G": 0,
                  "B": 0
                },
                "ShadowColor": {
                  "R": 110,
                  "G": 110,
                  "B": 110
                },
                "ShadowOffsetX": 2.0,
                "ShadowOffsetY": -2.0,
                "AnchorPoint": {
                  "ScaleY": 0.5
                },
                "Position": {
                  "X": 390.0,
                  "Y": 25.0
                },
                "Scale": {
                  "ScaleX": 1.0,
                  "ScaleY": 1.0
                },
                "CColor": {},
                "IconVisible": false,
                "PrePosition": {
                  "X": 0.6094,
                  "Y": 0.5
                },
                "PreSize": {
                  "X": 0.1563,
                  "Y": 1.0
                },
                "LeftMargin": 390.0,
                "RightMargin": 150.0,
                "Tag": 166,
                "ActionTag": 599580137,
                "Size": {
                  "X": 100.0,
                  "Y": 50.0
                },
                "Name": "ft_coin",
                "ctype": "TextObjectData"
              },
              {
                "IsCustomSize": true,
                "FontSize": 24,
                "LabelText": "当局积分",
                "HorizontalAlignmentType": "HT_Center",
                "VerticalAlignmentType": "VT_Center",
                "OutlineColor": {
                  "G": 0,
                  "B": 0
                },
                "ShadowColor": {
                  "R": 110,
                  "G": 110,
                  "B": 110
                },
                "ShadowOffsetX": 2.0,
                "ShadowOffsetY": -2.0,
                "AnchorPoint": {
                  "ScaleY": 0.5
                },
                "Position": {
                  "X": 490.0,
                  "Y": 25.0
                },
                "Scale": {
                  "ScaleX": 1.0,
                  "ScaleY": 1.0
                },
                "CColor": {},
                "IconVisible": false,
                "PrePosition": {
                  "X": 0.7656,
                  "Y": 0.5
                },
                "PreSize": {
                  "X": 0.2344,
                  "Y": 1.0
                },
                "LeftMargin": 490.0,
                "Tag": 167,
                "ActionTag": 2069757863,
                "Size": {
                  "X": 150.0,
                  "Y": 50.0
                },
                "Name": "ft_result",
                "ctype": "TextObjectData"
              }
            ],
            "ActionTag": 391178169,
            "ZOrder": 8,
            "Size": {
              "X": 640.0,
              "Y": 50.0
            },
            "Name": "Panel_10",
            "ctype": "PanelObjectData"
          }
        ],
        "Size": {
          "X": 640.0,
          "Y": 50.0
        },
        "Name": "Layer",
        "ctype": "LayerObjectData"
      },
      "UsedResources": [
        "userCenter/Top_icon.png"
      ],
      "ctype": "GameFileData"
    }
  },
  "Type": "Layer"
}