{
  "ID": "cfb0f282-d9ce-420d-a789-619902990397",
  "Version": "3.10.0.0",
  "Name": "game",
  "Content": {
    "Content": {
      "Animation": {
        "Duration": 0,
        "Speed": 1.0,
        "Timelines": [],
        "ctype": "TimelineActionData"
      },
      "AnimationList": [],
      "ObjectData": {
        "Tag": 36,
        "Children": [
          {
            "InnerNodeSize": {
              "Width": 640,
              "Height": 700
            },
            "ScrollDirectionType": "Vertical",
            "ClipAble": false,
            "BackColorAlpha": 0,
            "ComboBoxIndex": 1,
            "SingleColor": {
              "G": 150,
              "B": 100
            },
            "FirstColor": {
              "G": 150,
              "B": 100
            },
            "EndColor": {},
            "ColorVector": {
              "ScaleY": 1.0
            },
            "Scale9Width": 1,
            "Scale9Height": 1,
            "TouchEnable": true,
            "AnchorPoint": {},
            "Position": {
              "X": 0.0,
              "Y": 0.0
            },
            "Scale": {
              "ScaleX": 1.0,
              "ScaleY": 1.0
            },
            "CColor": {},
            "IconVisible": false,
            "PrePosition": {
              "X": 0.0,
              "Y": 0.0
            },
            "PreSize": {
              "X": 1.0,
              "Y": 1.0
            },
            "Tag": 37,
            "Children": [
              {
                "FontSize": 14,
                "ButtonText": "",
                "TextColor": {
                  "R": 65,
                  "G": 65,
                  "B": 70
                },
                "DisabledFileData": {
                  "Type": "Default",
                  "Path": "Default/Button_Disable.png",
                  "Plist": ""
                },
                "PressedFileData": {
                  "Type": "Normal",
                  "Path": "game/saolei.png",
                  "Plist": ""
                },
                "NormalFileData": {
                  "Type": "Normal",
                  "Path": "game/saolei.png",
                  "Plist": ""
                },
                "Scale9Enable": true,
                "Scale9OriginX": 15,
                "Scale9OriginY": 11,
                "Scale9Width": 236,
                "Scale9Height": 255,
                "OutlineColor": {
                  "G": 0,
                  "B": 0
                },
                "ShadowColor": {
                  "R": 110,
                  "G": 110,
                  "B": 110
                },
                "ShadowOffsetX": 2.0,
                "ShadowOffsetY": -2.0,
                "TouchEnable": true,
                "AnchorPoint": {
                  "ScaleX": 0.5,
                  "ScaleY": 0.5
                },
                "Position": {
                  "X": 181.6467,
                  "Y": 491.6805
                },
                "Scale": {
                  "ScaleX": 1.0,
                  "ScaleY": 1.0
                },
                "CColor": {},
                "IconVisible": false,
                "PrePosition": {
                  "X": 0.2838,
                  "Y": 0.7024
                },
                "PreSize": {
                  "X": 0.4156,
                  "Y": 0.3305
                },
                "LeftMargin": 48.6467,
                "RightMargin": 325.3533,
                "TopMargin": 69.8195,
                "BottomMargin": 353.1805,
                "Tag": 38,
                "ActionTag": 1893247062,
                "Size": {
                  "X": 266.0,
                  "Y": 277.0
                },
                "Name": "btn_game1",
                "ctype": "ButtonObjectData"
              },
              {
                "FontSize": 14,
                "ButtonText": "",
                "TextColor": {
                  "R": 65,
                  "G": 65,
                  "B": 70
                },
                "DisabledFileData": {
                  "Type": "Default",
                  "Path": "Default/Button_Disable.png",
                  "Plist": ""
                },
                "PressedFileData": {
                  "Type": "Normal",
                  "Path": "game/jielong.png",
                  "Plist": ""
                },
                "NormalFileData": {
                  "Type": "Normal",
                  "Path": "game/jielong.png",
                  "Plist": ""
                },
                "Scale9Enable": true,
                "Scale9OriginX": 15,
                "Scale9OriginY": 11,
                "Scale9Width": 238,
                "Scale9Height": 254,
                "OutlineColor": {
                  "G": 0,
                  "B": 0
                },
                "ShadowColor": {
                  "R": 110,
                  "G": 110,
                  "B": 110
                },
                "ShadowOffsetX": 2.0,
                "ShadowOffsetY": -2.0,
                "TouchEnable": true,
                "AnchorPoint": {
                  "ScaleX": 0.5,
                  "ScaleY": 0.5
                },
                "Position": {
                  "X": 458.9379,
                  "Y": 490.1688
                },
                "Scale": {
                  "ScaleX": 1.0,
                  "ScaleY": 1.0
                },
                "CColor": {},
                "IconVisible": false,
                "PrePosition": {
                  "X": 0.7171,
                  "Y": 0.7002
                },
                "PreSize": {
                  "X": 0.4187,
                  "Y": 0.3294
                },
                "LeftMargin": 324.9379,
                "RightMargin": 47.0621,
                "TopMargin": 71.8312,
                "BottomMargin": 352.1688,
                "Tag": 39,
                "ActionTag": -1913223863,
                "Size": {
                  "X": 268.0,
                  "Y": 276.0
                },
                "Name": "btn_game2",
                "ctype": "ButtonObjectData"
              },
              {
                "FontSize": 14,
                "ButtonText": "",
                "TextColor": {
                  "R": 65,
                  "G": 65,
                  "B": 70
                },
                "DisabledFileData": {
                  "Type": "Default",
                  "Path": "Default/Button_Disable.png",
                  "Plist": ""
                },
                "PressedFileData": {
                  "Type": "Normal",
                  "Path": "game/niuniu.png",
                  "Plist": ""
                },
                "NormalFileData": {
                  "Type": "Normal",
                  "Path": "game/niuniu.png",
                  "Plist": ""
                },
                "Scale9Enable": true,
                "Scale9OriginX": 15,
                "Scale9OriginY": 11,
                "Scale9Width": 236,
                "Scale9Height": 255,
                "OutlineColor": {
                  "G": 0,
                  "B": 0
                },
                "ShadowColor": {
                  "R": 110,
                  "G": 110,
                  "B": 110
                },
                "ShadowOffsetX": 2.0,
                "ShadowOffsetY": -2.0,
                "TouchEnable": true,
                "AnchorPoint": {
                  "ScaleX": 0.5,
                  "ScaleY": 0.5
                },
                "Position": {
                  "X": 184.0225,
                  "Y": 199.4927
                },
                "Scale": {
                  "ScaleX": 1.0,
                  "ScaleY": 1.0
                },
                "CColor": {},
                "IconVisible": false,
                "PrePosition": {
                  "X": 0.2875,
                  "Y": 0.285
                },
                "PreSize": {
                  "X": 0.4156,
                  "Y": 0.3305
                },
                "LeftMargin": 51.0225,
                "RightMargin": 322.9775,
                "TopMargin": 362.0073,
                "BottomMargin": 60.9927,
                "Tag": 40,
                "ActionTag": -1250476999,
                "Size": {
                  "X": 266.0,
                  "Y": 277.0
                },
                "Name": "btn_game3",
                "ctype": "ButtonObjectData"
              },
              {
                "FontSize": 14,
                "ButtonText": "",
                "TextColor": {
                  "R": 65,
                  "G": 65,
                  "B": 70
                },
                "DisabledFileData": {
                  "Type": "Default",
                  "Path": "Default/Button_Disable.png",
                  "Plist": ""
                },
                "PressedFileData": {
                  "Type": "Normal",
                  "Path": "game/28.png",
                  "Plist": ""
                },
                "NormalFileData": {
                  "Type": "Normal",
                  "Path": "game/28.png",
                  "Plist": ""
                },
                "Scale9Enable": true,
                "Scale9OriginX": 15,
                "Scale9OriginY": 11,
                "Scale9Width": 236,
                "Scale9Height": 255,
                "OutlineColor": {
                  "G": 0,
                  "B": 0
                },
                "ShadowColor": {
                  "R": 110,
                  "G": 110,
                  "B": 110
                },
                "ShadowOffsetX": 2.0,
                "ShadowOffsetY": -2.0,
                "TouchEnable": true,
                "AnchorPoint": {
                  "ScaleX": 0.5,
                  "ScaleY": 0.5
                },
                "Position": {
                  "X": 461.3265,
                  "Y": 199.4927
                },
                "Scale": {
                  "ScaleX": 1.0,
                  "ScaleY": 1.0
                },
                "CColor": {},
                "IconVisible": false,
                "PrePosition": {
                  "X": 0.7208,
                  "Y": 0.285
                },
                "PreSize": {
                  "X": 0.4156,
                  "Y": 0.3305
                },
                "LeftMargin": 328.3265,
                "RightMargin": 45.6735,
                "TopMargin": 362.0073,
                "BottomMargin": 60.9927,
                "Tag": 41,
                "ActionTag": -1540104754,
                "Size": {
                  "X": 266.0,
                  "Y": 277.0
                },
                "Name": "btn_game4",
                "ctype": "ButtonObjectData"
              }
            ],
            "ActionTag": 537245702,
            "Size": {
              "X": 640.0,
              "Y": 700.0
            },
            "Name": "ScrollView_1",
            "ctype": "ScrollViewObjectData"
          }
        ],
        "Size": {
          "X": 640.0,
          "Y": 700.0
        },
        "Name": "Layer",
        "ctype": "LayerObjectData"
      },
      "UsedResources": [
        "Default/Button_Disable.png",
        "game/28.png",
        "game/jielong.png",
        "game/niuniu.png",
        "game/saolei.png"
      ],
      "ctype": "GameFileData"
    }
  },
  "Type": "Layer"
}