{
  "ID": "3bac8b9c-af82-42d7-9930-ee4c48608257",
  "Version": "3.10.0.0",
  "Name": "jielong",
  "Content": {
    "Content": {
      "Animation": {
        "Duration": 0,
        "Speed": 1.0,
        "Timelines": [],
        "ctype": "TimelineActionData"
      },
      "AnimationList": [],
      "ObjectData": {
        "Tag": 45,
        "Children": [
          {
            "ClipAble": false,
            "ComboBoxIndex": 1,
            "SingleColor": {},
            "FirstColor": {
              "R": 150,
              "G": 200
            },
            "EndColor": {},
            "ColorVector": {
              "ScaleY": 1.0
            },
            "Scale9Width": 1,
            "Scale9Height": 1,
            "TouchEnable": true,
            "AnchorPoint": {},
            "Position": {
              "X": 0.0,
              "Y": 0.0
            },
            "Scale": {
              "ScaleX": 1.0,
              "ScaleY": 1.0
            },
            "CColor": {},
            "IconVisible": false,
            "PrePosition": {
              "X": 0.0,
              "Y": 0.0
            },
            "PreSize": {
              "X": 1.0,
              "Y": 0.9229
            },
            "TopMargin": 80.0,
            "Tag": 46,
            "Children": [
              {
                "ClipAble": true,
                "FileData": {
                  "Type": "Normal",
                  "Path": "top/gameTop.png",
                  "Plist": ""
                },
                "ComboBoxIndex": 1,
                "SingleColor": {
                  "R": 248,
                  "G": 0,
                  "B": 0
                },
                "FirstColor": {
                  "R": 150,
                  "G": 200
                },
                "EndColor": {},
                "ColorVector": {
                  "ScaleY": 1.0
                },
                "Scale9OriginX": 211,
                "Scale9OriginY": 37,
                "Scale9Width": 218,
                "Scale9Height": 40,
                "TouchEnable": true,
                "AnchorPoint": {},
                "Position": {
                  "X": 0.0,
                  "Y": 970.0001
                },
                "Scale": {
                  "ScaleX": 1.0,
                  "ScaleY": 1.0
                },
                "CColor": {},
                "IconVisible": false,
                "PrePosition": {
                  "X": 0.0,
                  "Y": 1.0125
                },
                "PreSize": {
                  "X": 1.0,
                  "Y": 0.071
                },
                "TopMargin": -80.0001,
                "BottomMargin": 970.0001,
                "Tag": 47,
                "Children": [
                  {
                    "FontSize": 14,
                    "ButtonText": "",
                    "TextColor": {
                      "R": 65,
                      "G": 65,
                      "B": 70
                    },
                    "DisabledFileData": {
                      "Type": "Default",
                      "Path": "Default/Button_Disable.png",
                      "Plist": ""
                    },
                    "PressedFileData": {
                      "Type": "Normal",
                      "Path": "userCenter/Dicon_back.png",
                      "Plist": ""
                    },
                    "NormalFileData": {
                      "Type": "Normal",
                      "Path": "userCenter/Dicon_back.png",
                      "Plist": ""
                    },
                    "Scale9Enable": true,
                    "Scale9OriginX": 5,
                    "Scale9OriginY": 11,
                    "Scale9Width": 8,
                    "Scale9Height": 9,
                    "OutlineColor": {
                      "G": 0,
                      "B": 0
                    },
                    "ShadowColor": {
                      "R": 110,
                      "G": 110,
                      "B": 110
                    },
                    "ShadowOffsetX": 2.0,
                    "ShadowOffsetY": -2.0,
                    "TouchEnable": true,
                    "AnchorPoint": {
                      "ScaleX": 0.5,
                      "ScaleY": 0.5
                    },
                    "Position": {
                      "X": 33.4277,
                      "Y": 30.9804
                    },
                    "Scale": {
                      "ScaleX": 1.0,
                      "ScaleY": 1.0
                    },
                    "CColor": {},
                    "IconVisible": false,
                    "PrePosition": {
                      "X": 0.0522,
                      "Y": 0.4556
                    },
                    "PreSize": {
                      "X": 0.0281,
                      "Y": 0.4559
                    },
                    "LeftMargin": 24.4277,
                    "RightMargin": 597.5723,
                    "TopMargin": 21.5196,
                    "BottomMargin": 15.4804,
                    "Tag": 48,
                    "ActionTag": 1021980510,
                    "Size": {
                      "X": 18.0,
                      "Y": 31.0
                    },
                    "Name": "btn_back",
                    "ctype": "ButtonObjectData"
                  },
                  {
                    "IsCustomSize": true,
                    "FontSize": 36,
                    "LabelText": "Text Label",
                    "HorizontalAlignmentType": "HT_Center",
                    "VerticalAlignmentType": "VT_Center",
                    "OutlineColor": {
                      "G": 0,
                      "B": 0
                    },
                    "ShadowColor": {
                      "R": 110,
                      "G": 110,
                      "B": 110
                    },
                    "ShadowOffsetX": 2.0,
                    "ShadowOffsetY": -2.0,
                    "AnchorPoint": {
                      "ScaleX": 0.5,
                      "ScaleY": 0.5
                    },
                    "Position": {
                      "X": 322.2403,
                      "Y": 26.7117
                    },
                    "Scale": {
                      "ScaleX": 1.0,
                      "ScaleY": 1.0
                    },
                    "CColor": {},
                    "IconVisible": false,
                    "PrePosition": {
                      "X": 0.5035,
                      "Y": 0.3928
                    },
                    "PreSize": {
                      "X": 0.5,
                      "Y": 0.4412
                    },
                    "LeftMargin": 162.2403,
                    "RightMargin": 157.7597,
                    "TopMargin": 26.2883,
                    "BottomMargin": 11.7117,
                    "Tag": 49,
                    "ActionTag": 213506443,
                    "Size": {
                      "X": 320.0,
                      "Y": 30.0
                    },
                    "Name": "ft_title",
                    "ctype": "TextObjectData"
                  },
                  {
                    "FontSize": 22,
                    "ButtonText": "开始",
                    "TextColor": {},
                    "DisabledFileData": {
                      "Type": "Default",
                      "Path": "Default/Button_Disable.png",
                      "Plist": ""
                    },
                    "PressedFileData": {
                      "Type": "Normal",
                      "Path": "playGame/playGame_red.png",
                      "Plist": ""
                    },
                    "NormalFileData": {
                      "Type": "Normal",
                      "Path": "playGame/playGame_red.png",
                      "Plist": ""
                    },
                    "Scale9Enable": true,
                    "Scale9OriginX": 15,
                    "Scale9OriginY": 5,
                    "Scale9Width": 158,
                    "Scale9Height": 70,
                    "OutlineColor": {
                      "G": 0,
                      "B": 0
                    },
                    "ShadowColor": {
                      "R": 110,
                      "G": 110,
                      "B": 110
                    },
                    "ShadowOffsetX": 2.0,
                    "ShadowOffsetY": -2.0,
                    "TouchEnable": true,
                    "AnchorPoint": {
                      "ScaleX": 0.5,
                      "ScaleY": 0.5
                    },
                    "Position": {
                      "X": 557.1639,
                      "Y": 31.2373
                    },
                    "Scale": {
                      "ScaleX": 1.3,
                      "ScaleY": 1.3
                    },
                    "CColor": {},
                    "IconVisible": false,
                    "PrePosition": {
                      "X": 0.8706,
                      "Y": 0.4594
                    },
                    "PreSize": {
                      "X": 0.1562,
                      "Y": 0.5882
                    },
                    "LeftMargin": 507.1639,
                    "RightMargin": 32.8361,
                    "TopMargin": 16.7627,
                    "BottomMargin": 11.2373,
                    "Tag": 48,
                    "ActionTag": 1240576857,
                    "Size": {
                      "X": 100.0,
                      "Y": 40.0
                    },
                    "Name": "btn_start",
                    "ctype": "ButtonObjectData"
                  }
                ],
                "ActionTag": 1270870636,
                "Size": {
                  "X": 640.0,
                  "Y": 68.0
                },
                "Name": "Top",
                "ctype": "PanelObjectData"
              },
              {
                "ClipAble": false,
                "FileData": {
                  "Type": "Normal",
                  "Path": "userCenter/Dicon.png",
                  "Plist": ""
                },
                "ComboBoxIndex": 1,
                "SingleColor": {
                  "R": 150,
                  "G": 200
                },
                "FirstColor": {
                  "R": 150,
                  "G": 200
                },
                "EndColor": {},
                "ColorVector": {
                  "ScaleY": 1.0
                },
                "Scale9OriginX": 211,
                "Scale9OriginY": 27,
                "Scale9Width": 218,
                "Scale9Height": 28,
                "TouchEnable": true,
                "AnchorPoint": {},
                "Position": {
                  "X": 0.0,
                  "Y": 0.0873
                },
                "Scale": {
                  "ScaleX": 1.0,
                  "ScaleY": 1.0
                },
                "CColor": {},
                "IconVisible": false,
                "PrePosition": {
                  "X": 0.0,
                  "Y": 0.0001
                },
                "PreSize": {
                  "X": 1.0,
                  "Y": 0.0856
                },
                "TopMargin": 875.9127,
                "BottomMargin": 0.0873,
                "Tag": 51,
                "Children": [
                  {
                    "FontSize": 14,
                    "ButtonText": "发送红包",
                    "TextColor": {
                      "R": 65,
                      "G": 65,
                      "B": 70
                    },
                    "DisabledFileData": {
                      "Type": "Default",
                      "Path": "Default/Button_Disable.png",
                      "Plist": ""
                    },
                    "PressedFileData": {
                      "Type": "Default",
                      "Path": "Default/Button_Press.png",
                      "Plist": ""
                    },
                    "NormalFileData": {
                      "Type": "Default",
                      "Path": "Default/Button_Normal.png",
                      "Plist": ""
                    },
                    "Scale9Enable": true,
                    "Scale9OriginX": 15,
                    "Scale9OriginY": 11,
                    "Scale9Width": 16,
                    "Scale9Height": 14,
                    "OutlineColor": {
                      "G": 0,
                      "B": 0
                    },
                    "ShadowColor": {
                      "R": 110,
                      "G": 110,
                      "B": 110
                    },
                    "ShadowOffsetX": 2.0,
                    "ShadowOffsetY": -2.0,
                    "TouchEnable": true,
                    "AnchorPoint": {},
                    "Position": {
                      "X": 164.8626,
                      "Y": 0.0
                    },
                    "Scale": {
                      "ScaleX": 1.0,
                      "ScaleY": 1.0
                    },
                    "CColor": {},
                    "IconVisible": false,
                    "PrePosition": {
                      "X": 0.2576,
                      "Y": 0.0
                    },
                    "PreSize": {
                      "X": 0.4688,
                      "Y": 1.2195
                    },
                    "LeftMargin": 164.8626,
                    "RightMargin": 175.1374,
                    "TopMargin": -18.0,
                    "Tag": 52,
                    "ActionTag": 1558474796,
                    "Size": {
                      "X": 300.0,
                      "Y": 100.0
                    },
                    "VisibleForFrame": false,
                    "Name": "btn_red",
                    "ctype": "ButtonObjectData"
                  },
                  {
                    "FontSize": 22,
                    "ButtonText": "记录查询",
                    "TextColor": {},
                    "DisabledFileData": {
                      "Type": "Default",
                      "Path": "Default/Button_Disable.png",
                      "Plist": ""
                    },
                    "PressedFileData": {
                      "Type": "Normal",
                      "Path": "userCenter/logBtn.png",
                      "Plist": ""
                    },
                    "NormalFileData": {
                      "Type": "Normal",
                      "Path": "userCenter/logBtn.png",
                      "Plist": ""
                    },
                    "Scale9Enable": true,
                    "Scale9OriginX": 15,
                    "Scale9OriginY": 11,
                    "Scale9Width": 104,
                    "Scale9Height": 33,
                    "OutlineColor": {
                      "G": 0,
                      "B": 0
                    },
                    "ShadowColor": {
                      "R": 110,
                      "G": 110,
                      "B": 110
                    },
                    "ShadowOffsetX": 2.0,
                    "ShadowOffsetY": -2.0,
                    "TouchEnable": true,
                    "AnchorPoint": {
                      "ScaleX": 0.5
                    },
                    "Position": {
                      "X": 552.7719,
                      "Y": 13.4559
                    },
                    "Scale": {
                      "ScaleX": 1.0,
                      "ScaleY": 1.0
                    },
                    "CColor": {},
                    "IconVisible": false,
                    "PrePosition": {
                      "X": 0.8637,
                      "Y": 0.1641
                    },
                    "PreSize": {
                      "X": 0.2094,
                      "Y": 0.6707
                    },
                    "LeftMargin": 485.7719,
                    "RightMargin": 20.2281,
                    "TopMargin": 13.5441,
                    "BottomMargin": 13.4559,
                    "Tag": 53,
                    "ActionTag": 1662215814,
                    "Size": {
                      "X": 134.0,
                      "Y": 55.0
                    },
                    "Name": "btn_log",
                    "ctype": "ButtonObjectData"
                  },
                  {
                    "IsCustomSize": true,
                    "FontSize": 28,
                    "LabelText": "99999999\n",
                    "VerticalAlignmentType": "VT_Center",
                    "OutlineColor": {
                      "G": 0,
                      "B": 0
                    },
                    "ShadowColor": {
                      "R": 110,
                      "G": 110,
                      "B": 110
                    },
                    "ShadowOffsetX": 2.0,
                    "ShadowOffsetY": -2.0,
                    "AnchorPoint": {
                      "ScaleX": 0.5,
                      "ScaleY": 0.5
                    },
                    "Position": {
                      "X": 114.5501,
                      "Y": 44.3129
                    },
                    "Scale": {
                      "ScaleX": 1.0,
                      "ScaleY": 1.0
                    },
                    "CColor": {},
                    "IconVisible": false,
                    "PrePosition": {
                      "X": 0.179,
                      "Y": 0.5404
                    },
                    "PreSize": {
                      "X": 0.2344,
                      "Y": 0.3659
                    },
                    "LeftMargin": 39.5501,
                    "RightMargin": 450.4499,
                    "TopMargin": 22.6871,
                    "BottomMargin": 29.3129,
                    "Tag": 55,
                    "ActionTag": 976375219,
                    "Size": {
                      "X": 150.0,
                      "Y": 30.0
                    },
                    "Name": "ft_money",
                    "ctype": "TextObjectData"
                  }
                ],
                "ActionTag": -1505935790,
                "Size": {
                  "X": 640.0,
                  "Y": 82.0
                },
                "Name": "Bottom",
                "ctype": "PanelObjectData"
              },
              {
                "DirectionType": "Vertical",
                "ScrollDirectionType": 0,
                "ClipAble": true,
                "BackColorAlpha": 0,
                "FileData": {
                  "Type": "Normal",
                  "Path": "backGround/redBag.jpg",
                  "Plist": ""
                },
                "ComboBoxIndex": 1,
                "SingleColor": {
                  "R": 150,
                  "G": 150
                },
                "FirstColor": {
                  "R": 150,
                  "G": 150
                },
                "EndColor": {},
                "ColorVector": {
                  "ScaleY": 1.0
                },
                "Scale9OriginX": 211,
                "Scale9OriginY": 316,
                "Scale9Width": 218,
                "Scale9Height": 326,
                "TouchEnable": true,
                "AnchorPoint": {},
                "Position": {
                  "X": 0.0,
                  "Y": 81.9999
                },
                "Scale": {
                  "ScaleX": 1.0,
                  "ScaleY": 1.0
                },
                "CColor": {},
                "IconVisible": false,
                "PrePosition": {
                  "X": 0.0,
                  "Y": 0.0856
                },
                "PreSize": {
                  "X": 1.0,
                  "Y": 0.9269
                },
                "TopMargin": -11.9999,
                "BottomMargin": 81.9999,
                "Tag": 56,
                "ActionTag": -844951333,
                "Size": {
                  "X": 640.0,
                  "Y": 888.0
                },
                "Name": "chatview",
                "ctype": "ListViewObjectData"
              }
            ],
            "ActionTag": -2054280598,
            "Size": {
              "X": 640.0,
              "Y": 958.0
            },
            "Name": "Base",
            "ctype": "PanelObjectData"
          },
          {
            "FileData": {
              "Type": "Normal",
              "Path": "top/money.png",
              "Plist": ""
            },
            "BlendFunc": {
              "Src": 1,
              "Dst": 771
            },
            "AnchorPoint": {
              "ScaleX": 0.5,
              "ScaleY": 0.5
            },
            "Position": {
              "X": 18.1228,
              "Y": 46.4505
            },
            "Scale": {
              "ScaleX": 0.15,
              "ScaleY": 0.15
            },
            "CColor": {},
            "IconVisible": false,
            "PrePosition": {
              "X": 0.0283,
              "Y": 0.0448
            },
            "PreSize": {
              "X": 0.2922,
              "Y": 0.1985
            },
            "LeftMargin": -75.3772,
            "RightMargin": 528.3772,
            "TopMargin": 888.5495,
            "BottomMargin": -56.5495,
            "Tag": 274,
            "ActionTag": -2028933253,
            "Size": {
              "X": 187.0,
              "Y": 206.0
            },
            "Name": "mian_icon_gold_1",
            "ctype": "SpriteObjectData"
          }
        ],
        "Size": {
          "X": 640.0,
          "Y": 1038.0
        },
        "Name": "Layer",
        "ctype": "LayerObjectData"
      },
      "UsedResources": [
        "backGround/redBag.jpg",
        "Default/Button_Disable.png",
        "Default/Button_Normal.png",
        "Default/Button_Press.png",
        "playGame/playGame_red.png",
        "top/gameTop.png",
        "top/money.png",
        "userCenter/Dicon.png",
        "userCenter/Dicon_back.png",
        "userCenter/logBtn.png"
      ],
      "ctype": "GameFileData"
    }
  },
  "Type": "Layer"
}