{
  "ID": "650f2aeb-c84f-458b-a88a-794dd37eefd7",
  "Version": "3.10.0.0",
  "Name": "loading",
  "Content": {
    "Content": {
      "Animation": {
        "Duration": 25,
        "Speed": 1.0,
        "ActivedAnimationName": "run",
        "Timelines": [
          {
            "ActionTag": -2013989809,
            "Property": "Position",
            "Frames": [
              {
                "X": 412.6169,
                "Y": 454.9412,
                "FrameIndex": 0,
                "EasingData": {
                  "Type": 0
                },
                "ctype": "PointFrameData"
              },
              {
                "X": 412.6169,
                "Y": 454.9412,
                "FrameIndex": 5,
                "EasingData": {
                  "Type": 0
                },
                "ctype": "PointFrameData"
              },
              {
                "X": 412.6169,
                "Y": 454.9412,
                "FrameIndex": 10,
                "EasingData": {
                  "Type": 0
                },
                "ctype": "PointFrameData"
              },
              {
                "X": 412.6169,
                "Y": 454.9412,
                "FrameIndex": 15,
                "EasingData": {
                  "Type": 0
                },
                "ctype": "PointFrameData"
              },
              {
                "X": 412.6169,
                "Y": 454.9412,
                "FrameIndex": 20,
                "EasingData": {
                  "Type": 0
                },
                "ctype": "PointFrameData"
              },
              {
                "X": 412.6169,
                "Y": 454.9412,
                "FrameIndex": 25,
                "EasingData": {
                  "Type": 0
                },
                "ctype": "PointFrameData"
              }
            ],
            "ctype": "TimelineData"
          },
          {
            "ActionTag": -2013989809,
            "Property": "Scale",
            "Frames": [
              {
                "X": 0.5,
                "Y": 0.5,
                "FrameIndex": 0,
                "EasingData": {
                  "Type": 0
                },
                "ctype": "ScaleValueFrameData"
              },
              {
                "X": 0.5,
                "Y": 0.5,
                "FrameIndex": 5,
                "EasingData": {
                  "Type": 0
                },
                "ctype": "ScaleValueFrameData"
              },
              {
                "X": 0.5,
                "Y": 0.5,
                "FrameIndex": 10,
                "EasingData": {
                  "Type": 0
                },
                "ctype": "ScaleValueFrameData"
              },
              {
                "X": 0.5,
                "Y": 0.5,
                "FrameIndex": 15,
                "EasingData": {
                  "Type": 0
                },
                "ctype": "ScaleValueFrameData"
              },
              {
                "X": 0.5,
                "Y": 0.5,
                "FrameIndex": 20,
                "EasingData": {
                  "Type": 0
                },
                "ctype": "ScaleValueFrameData"
              },
              {
                "X": 0.5,
                "Y": 0.5,
                "FrameIndex": 25,
                "EasingData": {
                  "Type": 0
                },
                "ctype": "ScaleValueFrameData"
              }
            ],
            "ctype": "TimelineData"
          },
          {
            "ActionTag": -2013989809,
            "Property": "RotationSkew",
            "Frames": [
              {
                "X": 0.0,
                "Y": 0.0,
                "FrameIndex": 0,
                "EasingData": {
                  "Type": 0
                },
                "ctype": "ScaleValueFrameData"
              },
              {
                "X": 0.0,
                "Y": 0.0,
                "FrameIndex": 5,
                "EasingData": {
                  "Type": 0
                },
                "ctype": "ScaleValueFrameData"
              },
              {
                "X": 0.0,
                "Y": 0.0,
                "FrameIndex": 10,
                "EasingData": {
                  "Type": 0
                },
                "ctype": "ScaleValueFrameData"
              },
              {
                "X": 0.0,
                "Y": 0.0,
                "FrameIndex": 15,
                "EasingData": {
                  "Type": 0
                },
                "ctype": "ScaleValueFrameData"
              },
              {
                "X": 0.0,
                "Y": 0.0,
                "FrameIndex": 20,
                "EasingData": {
                  "Type": 0
                },
                "ctype": "ScaleValueFrameData"
              },
              {
                "X": 0.0,
                "Y": 0.0,
                "FrameIndex": 25,
                "EasingData": {
                  "Type": 0
                },
                "ctype": "ScaleValueFrameData"
              }
            ],
            "ctype": "TimelineData"
          },
          {
            "ActionTag": -2013989809,
            "Property": "FileData",
            "Frames": [
              {
                "TextureFile": {
                  "Type": "Normal",
                  "Path": "loading/loadingNew1.png",
                  "Plist": ""
                },
                "FrameIndex": 5,
                "Tween": false,
                "ctype": "TextureFrameData"
              },
              {
                "TextureFile": {
                  "Type": "Normal",
                  "Path": "loading/loadingNew2.png",
                  "Plist": ""
                },
                "FrameIndex": 10,
                "Tween": false,
                "ctype": "TextureFrameData"
              },
              {
                "TextureFile": {
                  "Type": "Normal",
                  "Path": "loading/loadingNew3.png",
                  "Plist": ""
                },
                "FrameIndex": 15,
                "Tween": false,
                "ctype": "TextureFrameData"
              },
              {
                "TextureFile": {
                  "Type": "Normal",
                  "Path": "loading/loadingNew4.png",
                  "Plist": ""
                },
                "FrameIndex": 20,
                "Tween": false,
                "ctype": "TextureFrameData"
              },
              {
                "TextureFile": {
                  "Type": "Normal",
                  "Path": "loading/loadingNew5.png",
                  "Plist": ""
                },
                "FrameIndex": 25,
                "Tween": false,
                "ctype": "TextureFrameData"
              }
            ],
            "ctype": "TimelineData"
          },
          {
            "ActionTag": -2013989809,
            "Property": "BlendFunc",
            "Frames": [
              {
                "Src": 1,
                "Dst": 771,
                "FrameIndex": 5,
                "Tween": false,
                "ctype": "BlendFuncFrameData"
              },
              {
                "Src": 1,
                "Dst": 771,
                "FrameIndex": 10,
                "Tween": false,
                "ctype": "BlendFuncFrameData"
              },
              {
                "Src": 1,
                "Dst": 771,
                "FrameIndex": 15,
                "Tween": false,
                "ctype": "BlendFuncFrameData"
              },
              {
                "Src": 1,
                "Dst": 771,
                "FrameIndex": 20,
                "Tween": false,
                "ctype": "BlendFuncFrameData"
              },
              {
                "Src": 1,
                "Dst": 771,
                "FrameIndex": 25,
                "Tween": false,
                "ctype": "BlendFuncFrameData"
              }
            ],
            "ctype": "TimelineData"
          }
        ],
        "ctype": "TimelineActionData"
      },
      "AnimationList": [
        {
          "StartIndex": 0,
          "EndIndex": 25,
          "Name": "run",
          "ctype": "AnimationInfoData"
        }
      ],
      "ObjectData": {
        "Tag": 88,
        "Children": [
          {
            "FileData": {
              "Type": "Normal",
              "Path": "loading/loadingNew_bk.png",
              "Plist": ""
            },
            "BlendFunc": {
              "Src": 1,
              "Dst": 771
            },
            "AnchorPoint": {
              "ScaleX": 0.5,
              "ScaleY": 0.5
            },
            "Position": {
              "X": 319.4341,
              "Y": 550.188
            },
            "Scale": {
              "ScaleX": 1.2692,
              "ScaleY": 1.0
            },
            "CColor": {},
            "IconVisible": false,
            "PrePosition": {
              "X": 0.4991,
              "Y": 0.53
            },
            "PreSize": {
              "X": 0.7188,
              "Y": 0.2871
            },
            "LeftMargin": 89.4341,
            "RightMargin": 90.5659,
            "TopMargin": 338.812,
            "BottomMargin": 401.188,
            "Tag": 9,
            "ActionTag": 205923348,
            "Size": {
              "X": 460.0,
              "Y": 298.0
            },
            "Name": "loadingNew_bk_1",
            "ctype": "SpriteObjectData"
          },
          {
            "AnchorPoint": {},
            "Position": {
              "X": 0.0,
              "Y": 0.0
            },
            "Scale": {
              "ScaleX": 1.0,
              "ScaleY": 1.0
            },
            "CColor": {},
            "IconVisible": true,
            "PrePosition": {
              "X": 0.0,
              "Y": 0.0
            },
            "PreSize": {
              "X": 0.0,
              "Y": 0.0
            },
            "RightMargin": 640.0,
            "TopMargin": 1038.0,
            "Tag": 21,
            "Children": [
              {
                "ProgressInfo": 100,
                "ImageFileData": {
                  "Type": "Normal",
                  "Path": "loading/loadingNew_bk1.png",
                  "Plist": ""
                },
                "AnchorPoint": {
                  "ScaleX": 0.5,
                  "ScaleY": 0.5
                },
                "Position": {
                  "X": 317.6057,
                  "Y": 538.549
                },
                "Scale": {
                  "ScaleX": 0.6752,
                  "ScaleY": 1.0
                },
                "CColor": {},
                "IconVisible": false,
                "PrePosition": {
                  "X": 0.0,
                  "Y": 0.0
                },
                "PreSize": {
                  "X": 0.0,
                  "Y": 0.0
                },
                "LeftMargin": -90.8943,
                "RightMargin": -726.1057,
                "TopMargin": -574.549,
                "BottomMargin": 502.549,
                "Tag": 89,
                "ActionTag": 1787473963,
                "Size": {
                  "X": 817.0,
                  "Y": 72.0
                },
                "Name": "loadbar",
                "ctype": "LoadingBarObjectData"
              },
              {
                "FileData": {
                  "Type": "Normal",
                  "Path": "loading/loadingNew_text.png",
                  "Plist": ""
                },
                "BlendFunc": {
                  "Src": 1,
                  "Dst": 771
                },
                "AnchorPoint": {
                  "ScaleX": 0.5,
                  "ScaleY": 0.5
                },
                "Position": {
                  "X": 270.4519,
                  "Y": 448.0489
                },
                "Scale": {
                  "ScaleX": 1.0,
                  "ScaleY": 1.0
                },
                "CColor": {},
                "IconVisible": false,
                "PrePosition": {
                  "X": 0.0,
                  "Y": 0.0
                },
                "PreSize": {
                  "X": 0.0,
                  "Y": 0.0
                },
                "LeftMargin": 217.4519,
                "RightMargin": -323.4519,
                "TopMargin": -465.5489,
                "BottomMargin": 430.5489,
                "Tag": 10,
                "ActionTag": 1831199714,
                "Size": {
                  "X": 106.0,
                  "Y": 35.0
                },
                "Name": "loadingNew_text_2",
                "ctype": "SpriteObjectData"
              },
              {
                "FileData": {
                  "Type": "Normal",
                  "Path": "loading/loadingNew1.png",
                  "Plist": ""
                },
                "BlendFunc": {
                  "Src": 1,
                  "Dst": 771
                },
                "AnchorPoint": {
                  "ScaleX": 0.4835,
                  "ScaleY": 0.5204
                },
                "Position": {
                  "X": 412.6169,
                  "Y": 454.9412
                },
                "Scale": {
                  "ScaleX": 0.5,
                  "ScaleY": 0.5
                },
                "CColor": {},
                "IconVisible": false,
                "PrePosition": {
                  "X": 0.0,
                  "Y": 0.0
                },
                "PreSize": {
                  "X": 0.0,
                  "Y": 0.0
                },
                "LeftMargin": 260.7979,
                "RightMargin": -574.7979,
                "TopMargin": -536.4732,
                "BottomMargin": 366.4732,
                "Tag": 11,
                "ActionTag": -2013989809,
                "Size": {
                  "X": 314.0,
                  "Y": 170.0
                },
                "Name": "Sprite_3",
                "ctype": "SpriteObjectData"
              }
            ],
            "ActionTag": -1477532306,
            "Size": {
              "X": 0.0,
              "Y": 0.0
            },
            "Name": "Node_1",
            "ctype": "SingleNodeObjectData"
          },
          {
            "AnchorPoint": {},
            "Position": {
              "X": 0.0,
              "Y": 0.0
            },
            "Scale": {
              "ScaleX": 1.0,
              "ScaleY": 1.0
            },
            "CColor": {},
            "IconVisible": true,
            "PrePosition": {
              "X": 0.0,
              "Y": 0.0
            },
            "PreSize": {
              "X": 0.0,
              "Y": 0.0
            },
            "RightMargin": 640.0,
            "TopMargin": 1038.0,
            "Tag": 22,
            "Children": [
              {
                "FontSize": 36,
                "IsCustomSize": true,
                "LabelText": "",
                "PlaceHolderText": "手机号",
                "MaxLengthText": 10,
                "TouchEnable": true,
                "AnchorPoint": {
                  "ScaleX": 0.5,
                  "ScaleY": 0.5
                },
                "Position": {
                  "X": 326.068,
                  "Y": 558.5779
                },
                "Scale": {
                  "ScaleX": 1.0,
                  "ScaleY": 1.0
                },
                "CColor": {},
                "IconVisible": false,
                "PrePosition": {
                  "X": 0.0,
                  "Y": 0.0
                },
                "PreSize": {
                  "X": 0.0,
                  "Y": 0.0
                },
                "LeftMargin": 146.068,
                "RightMargin": -506.068,
                "TopMargin": -583.5779,
                "BottomMargin": 533.5779,
                "Tag": 23,
                "ActionTag": -509743730,
                "Size": {
                  "X": 360.0,
                  "Y": 50.0
                },
                "Name": "ft_account",
                "ctype": "TextFieldObjectData"
              },
              {
                "FontSize": 36,
                "IsCustomSize": true,
                "LabelText": "",
                "PlaceHolderText": "验证码",
                "MaxLengthText": 10,
                "TouchEnable": true,
                "AnchorPoint": {
                  "ScaleX": 0.5,
                  "ScaleY": 0.5
                },
                "Position": {
                  "X": 236.0674,
                  "Y": 481.0621
                },
                "Scale": {
                  "ScaleX": 1.0,
                  "ScaleY": 1.0
                },
                "CColor": {},
                "IconVisible": false,
                "PrePosition": {
                  "X": 0.0,
                  "Y": 0.0
                },
                "PreSize": {
                  "X": 0.0,
                  "Y": 0.0
                },
                "LeftMargin": 146.0674,
                "RightMargin": -326.0674,
                "TopMargin": -506.0621,
                "BottomMargin": 456.0621,
                "Tag": 24,
                "ActionTag": -748531763,
                "Size": {
                  "X": 180.0,
                  "Y": 50.0
                },
                "Name": "ft_code",
                "ctype": "TextFieldObjectData"
              },
              {
                "FontSize": 24,
                "ButtonText": "获取验证码",
                "TextColor": {
                  "R": 65,
                  "G": 65,
                  "B": 70
                },
                "DisabledFileData": {
                  "Type": "Default",
                  "Path": "Default/Button_Disable.png",
                  "Plist": ""
                },
                "PressedFileData": {
                  "Type": "Default",
                  "Path": "Default/Button_Press.png",
                  "Plist": ""
                },
                "NormalFileData": {
                  "Type": "Default",
                  "Path": "Default/Button_Normal.png",
                  "Plist": ""
                },
                "Scale9Enable": true,
                "Scale9OriginX": 15,
                "Scale9OriginY": 11,
                "Scale9Width": 16,
                "Scale9Height": 14,
                "OutlineColor": {
                  "G": 0,
                  "B": 0
                },
                "ShadowColor": {
                  "R": 110,
                  "G": 110,
                  "B": 110
                },
                "ShadowOffsetX": 2.0,
                "ShadowOffsetY": -2.0,
                "TouchEnable": true,
                "AnchorPoint": {
                  "ScaleX": 0.5,
                  "ScaleY": 0.5
                },
                "Position": {
                  "X": 433.3535,
                  "Y": 484.5081
                },
                "Scale": {
                  "ScaleX": 1.0,
                  "ScaleY": 1.0
                },
                "CColor": {},
                "IconVisible": false,
                "PrePosition": {
                  "X": 0.0,
                  "Y": 0.0
                },
                "PreSize": {
                  "X": 0.0,
                  "Y": 0.0
                },
                "LeftMargin": 373.3535,
                "RightMargin": -493.3535,
                "TopMargin": -509.5081,
                "BottomMargin": 459.5081,
                "Tag": 25,
                "ActionTag": 1815619949,
                "Size": {
                  "X": 120.0,
                  "Y": 50.0
                },
                "Name": "Button_1",
                "ctype": "ButtonObjectData"
              }
            ],
            "ActionTag": 52351838,
            "Size": {
              "X": 0.0,
              "Y": 0.0
            },
            "VisibleForFrame": false,
            "Name": "Node_2",
            "ctype": "SingleNodeObjectData"
          }
        ],
        "Size": {
          "X": 640.0,
          "Y": 1038.0
        },
        "Name": "Layer",
        "ctype": "LayerObjectData"
      },
      "UsedResources": [
        "Default/Button_Disable.png",
        "Default/Button_Normal.png",
        "Default/Button_Press.png",
        "loading/loadingNew_bk.png",
        "loading/loadingNew_bk1.png",
        "loading/loadingNew_text.png",
        "loading/loadingNew1.png",
        "loading/loadingNew2.png",
        "loading/loadingNew3.png",
        "loading/loadingNew4.png",
        "loading/loadingNew5.png"
      ],
      "ctype": "GameFileData"
    }
  },
  "Type": "Layer"
}