{
  "ID": "d85d7259-2803-46cd-8620-3bf15e384ffb",
  "Version": "3.10.0.0",
  "Name": "main",
  "Content": {
    "Content": {
      "Animation": {
        "Duration": 0,
        "Speed": 1.0,
        "Timelines": [],
        "ctype": "TimelineActionData"
      },
      "AnimationList": [],
      "ObjectData": {
        "Tag": 8,
        "Children": [
          {
            "ClipAble": false,
            "FileData": {
              "Type": "Normal",
              "Path": "res/background.png",
              "Plist": ""
            },
            "ComboBoxIndex": 1,
            "SingleColor": {},
            "FirstColor": {
              "R": 150,
              "G": 200
            },
            "EndColor": {},
            "ColorVector": {
              "ScaleY": 1.0
            },
            "Scale9OriginX": 211,
            "Scale9OriginY": 342,
            "Scale9Width": 218,
            "Scale9Height": 354,
            "TouchEnable": true,
            "AnchorPoint": {},
            "Position": {
              "X": 0.0001,
              "Y": 3.6078
            },
            "Scale": {
              "ScaleX": 1.0,
              "ScaleY": 1.0
            },
            "CColor": {},
            "IconVisible": false,
            "PrePosition": {
              "X": 0.0,
              "Y": 0.0035
            },
            "PreSize": {
              "X": 1.0,
              "Y": 1.0
            },
            "LeftMargin": 0.0001,
            "RightMargin": -0.0001,
            "TopMargin": -3.6078,
            "BottomMargin": 3.6078,
            "Tag": 9,
            "Children": [
              {
                "ClipAble": false,
                "BackColorAlpha": 0,
                "ComboBoxIndex": 1,
                "SingleColor": {
                  "R": 230,
                  "G": 230,
                  "B": 250
                },
                "FirstColor": {
                  "R": 150,
                  "G": 200
                },
                "EndColor": {},
                "ColorVector": {
                  "ScaleY": 1.0
                },
                "Scale9Width": 1,
                "Scale9Height": 1,
                "AnchorPoint": {},
                "Position": {
                  "X": 0.0,
                  "Y": 120.0
                },
                "Scale": {
                  "ScaleX": 1.0,
                  "ScaleY": 1.0
                },
                "CColor": {},
                "IconVisible": false,
                "PrePosition": {
                  "X": 0.0,
                  "Y": 0.1156
                },
                "PreSize": {
                  "X": 1.0,
                  "Y": 0.6744
                },
                "TopMargin": 218.0,
                "BottomMargin": 120.0,
                "Tag": 35,
                "ActionTag": -660237615,
                "Size": {
                  "X": 640.0,
                  "Y": 700.0
                },
                "Name": "Panel_1",
                "ctype": "PanelObjectData"
              },
              {
                "FileData": {
                  "Type": "Normal",
                  "Path": "top/TopBar.png",
                  "Plist": ""
                },
                "Scale9OriginX": 211,
                "Scale9OriginY": 26,
                "Scale9Width": 218,
                "Scale9Height": 48,
                "AnchorPoint": {
                  "ScaleY": 1.0
                },
                "Position": {
                  "X": 0.0,
                  "Y": 1068.25
                },
                "Scale": {
                  "ScaleX": 1.0,
                  "ScaleY": 1.0
                },
                "CColor": {},
                "IconVisible": false,
                "PrePosition": {
                  "X": 0.0,
                  "Y": 1.0291
                },
                "PreSize": {
                  "X": 1.0,
                  "Y": 0.0963
                },
                "TopMargin": -30.25,
                "BottomMargin": 968.25,
                "Tag": 12,
                "Children": [
                  {
                    "ClipAble": false,
                    "FileData": {
                      "Type": "Normal",
                      "Path": "top/playerbar.png",
                      "Plist": ""
                    },
                    "SingleColor": {},
                    "FirstColor": {
                      "R": 150,
                      "G": 200
                    },
                    "EndColor": {},
                    "ColorVector": {
                      "ScaleY": 1.0
                    },
                    "Scale9OriginX": 211,
                    "Scale9OriginY": 39,
                    "Scale9Width": 218,
                    "Scale9Height": 43,
                    "TouchEnable": true,
                    "AnchorPoint": {},
                    "Position": {
                      "X": 0.0,
                      "Y": -132.76
                    },
                    "Scale": {
                      "ScaleX": 1.0,
                      "ScaleY": 1.0
                    },
                    "CColor": {},
                    "IconVisible": false,
                    "PrePosition": {
                      "X": 0.0,
                      "Y": -1.3276
                    },
                    "PreSize": {
                      "X": 1.0,
                      "Y": 1.21
                    },
                    "TopMargin": 111.76,
                    "BottomMargin": -132.76,
                    "Tag": 17,
                    "ActionTag": -1513563898,
                    "Size": {
                      "X": 640.0,
                      "Y": 121.0
                    },
                    "Name": "Panel_Player",
                    "ctype": "PanelObjectData"
                  },
                  {
                    "FontSize": 28,
                    "LabelText": "9999999999",
                    "OutlineColor": {
                      "G": 0,
                      "B": 0
                    },
                    "ShadowColor": {
                      "R": 110,
                      "G": 110,
                      "B": 110
                    },
                    "ShadowOffsetX": 2.0,
                    "ShadowOffsetY": -2.0,
                    "AnchorPoint": {
                      "ScaleX": 0.7511,
                      "ScaleY": 0.445
                    },
                    "Position": {
                      "X": 570.8453,
                      "Y": -93.898
                    },
                    "Scale": {
                      "ScaleX": 1.0,
                      "ScaleY": 1.0
                    },
                    "CColor": {},
                    "IconVisible": false,
                    "PrePosition": {
                      "X": 0.8919,
                      "Y": -0.939
                    },
                    "PreSize": {
                      "X": 0.2188,
                      "Y": 0.28
                    },
                    "HorizontalEdge": "LeftEdge",
                    "LeftMargin": 465.6913,
                    "RightMargin": 34.3087,
                    "TopMargin": 178.358,
                    "BottomMargin": -106.358,
                    "Tag": 20,
                    "ActionTag": -1429989516,
                    "Size": {
                      "X": 140.0,
                      "Y": 28.0
                    },
                    "Name": "ft_fangka",
                    "ctype": "TextObjectData"
                  },
                  {
                    "FileData": {
                      "Type": "Normal",
                      "Path": "top/fangka.png",
                      "Plist": ""
                    },
                    "Scale9OriginX": 14,
                    "Scale9OriginY": 10,
                    "Scale9Width": 16,
                    "Scale9Height": 11,
                    "AnchorPoint": {
                      "ScaleX": 0.5,
                      "ScaleY": 0.5
                    },
                    "Position": {
                      "X": 428.1713,
                      "Y": -94.3826
                    },
                    "Scale": {
                      "ScaleX": 1.0,
                      "ScaleY": 1.0
                    },
                    "CColor": {},
                    "IconVisible": false,
                    "PrePosition": {
                      "X": 0.669,
                      "Y": -0.9438
                    },
                    "PreSize": {
                      "X": 0.0688,
                      "Y": 0.31
                    },
                    "LeftMargin": 406.1713,
                    "RightMargin": 189.8287,
                    "TopMargin": 178.8826,
                    "BottomMargin": -109.8826,
                    "Tag": 18,
                    "ActionTag": 2076900639,
                    "Size": {
                      "X": 44.0,
                      "Y": 31.0
                    },
                    "Name": "img_fangka",
                    "ctype": "ImageViewObjectData"
                  },
                  {
                    "FontSize": 28,
                    "LabelText": "Text Label",
                    "OutlineColor": {
                      "G": 0,
                      "B": 0
                    },
                    "ShadowColor": {
                      "R": 110,
                      "G": 110,
                      "B": 110
                    },
                    "ShadowOffsetX": 2.0,
                    "ShadowOffsetY": -2.0,
                    "AnchorPoint": {
                      "ScaleX": 0.5,
                      "ScaleY": 1.0
                    },
                    "Position": {
                      "X": 188.7039,
                      "Y": -32.2991
                    },
                    "Scale": {
                      "ScaleX": 1.0,
                      "ScaleY": 1.0
                    },
                    "CColor": {},
                    "IconVisible": false,
                    "PrePosition": {
                      "X": 0.2948,
                      "Y": -0.323
                    },
                    "PreSize": {
                      "X": 0.2188,
                      "Y": 0.28
                    },
                    "HorizontalEdge": "LeftEdge",
                    "LeftMargin": 118.7039,
                    "RightMargin": 381.2961,
                    "TopMargin": 132.2991,
                    "BottomMargin": -60.2991,
                    "Tag": 17,
                    "ActionTag": -956184723,
                    "Size": {
                      "X": 140.0,
                      "Y": 28.0
                    },
                    "Name": "ft_name",
                    "ctype": "TextObjectData"
                  },
                  {
                    "FileData": {
                      "Type": "Default",
                      "Path": "Default/Sprite.png",
                      "Plist": ""
                    },
                    "BlendFunc": {
                      "Src": 1,
                      "Dst": 771
                    },
                    "AnchorPoint": {
                      "ScaleX": 0.5,
                      "ScaleY": 0.5
                    },
                    "Position": {
                      "X": 62.8826,
                      "Y": -69.9681
                    },
                    "Scale": {
                      "ScaleX": 1.0,
                      "ScaleY": 1.0
                    },
                    "CColor": {},
                    "IconVisible": false,
                    "PrePosition": {
                      "X": 0.0983,
                      "Y": -0.6997
                    },
                    "PreSize": {
                      "X": 0.0719,
                      "Y": 0.46
                    },
                    "LeftMargin": 39.8826,
                    "RightMargin": 554.1174,
                    "TopMargin": 146.9681,
                    "BottomMargin": -92.9681,
                    "Tag": 26,
                    "ActionTag": -643626798,
                    "Size": {
                      "X": 46.0,
                      "Y": 46.0
                    },
                    "Name": "img_head",
                    "ctype": "SpriteObjectData"
                  },
                  {
                    "FileData": {
                      "Type": "Normal",
                      "Path": "top/money.png",
                      "Plist": ""
                    },
                    "Scale9OriginX": 61,
                    "Scale9OriginY": 67,
                    "Scale9Width": 65,
                    "Scale9Height": 72,
                    "AnchorPoint": {
                      "ScaleX": 0.5,
                      "ScaleY": 0.5
                    },
                    "Position": {
                      "X": 128.0057,
                      "Y": -90.917
                    },
                    "Scale": {
                      "ScaleX": 0.172,
                      "ScaleY": 0.1811
                    },
                    "CColor": {},
                    "IconVisible": false,
                    "PrePosition": {
                      "X": 0.2,
                      "Y": -0.9092
                    },
                    "PreSize": {
                      "X": 0.2922,
                      "Y": 2.06
                    },
                    "LeftMargin": 34.5057,
                    "RightMargin": 418.4943,
                    "TopMargin": 87.917,
                    "BottomMargin": -193.917,
                    "Tag": 18,
                    "ActionTag": -2105604429,
                    "Size": {
                      "X": 187.0,
                      "Y": 206.0
                    },
                    "Name": "img_money",
                    "ctype": "ImageViewObjectData"
                  },
                  {
                    "FontSize": 28,
                    "LabelText": "9999999999",
                    "FontResource": {
                      "Type": "Default",
                      "Path": "",
                      "Plist": ""
                    },
                    "OutlineColor": {
                      "G": 0,
                      "B": 0
                    },
                    "ShadowColor": {
                      "R": 110,
                      "G": 110,
                      "B": 110
                    },
                    "ShadowOffsetX": 2.0,
                    "ShadowOffsetY": -2.0,
                    "AnchorPoint": {
                      "ScaleX": 0.7511,
                      "ScaleY": 0.445
                    },
                    "Position": {
                      "X": 253.8296,
                      "Y": -91.7531
                    },
                    "Scale": {
                      "ScaleX": 1.0,
                      "ScaleY": 1.0
                    },
                    "CColor": {},
                    "IconVisible": false,
                    "PrePosition": {
                      "X": 0.3966,
                      "Y": -0.9175
                    },
                    "PreSize": {
                      "X": 0.2188,
                      "Y": 0.28
                    },
                    "HorizontalEdge": "LeftEdge",
                    "LeftMargin": 148.6756,
                    "RightMargin": 351.3244,
                    "TopMargin": 176.2131,
                    "BottomMargin": -104.2131,
                    "Tag": 19,
                    "ActionTag": -957674105,
                    "Size": {
                      "X": 140.0,
                      "Y": 28.0
                    },
                    "Name": "ft_money",
                    "ctype": "TextObjectData"
                  }
                ],
                "ActionTag": -2015320450,
                "Size": {
                  "X": 640.0,
                  "Y": 100.0
                },
                "Name": "Panel_Top",
                "ctype": "ImageViewObjectData"
              },
              {
                "ClipAble": false,
                "BackColorAlpha": 0,
                "ComboBoxIndex": 1,
                "SingleColor": {
                  "R": 150,
                  "G": 200
                },
                "FirstColor": {
                  "R": 150,
                  "G": 200
                },
                "EndColor": {},
                "ColorVector": {
                  "ScaleY": 1.0
                },
                "Scale9Width": 1,
                "Scale9Height": 1,
                "AnchorPoint": {},
                "Position": {
                  "X": 0.0,
                  "Y": 120.0
                },
                "Scale": {
                  "ScaleX": 1.0,
                  "ScaleY": 1.0
                },
                "CColor": {},
                "IconVisible": false,
                "PrePosition": {
                  "X": 0.0,
                  "Y": 0.1156
                },
                "PreSize": {
                  "X": 1.0,
                  "Y": 0.8844
                },
                "BottomMargin": 120.0,
                "Tag": 53,
                "ActionTag": 1147806183,
                "Size": {
                  "X": 640.0,
                  "Y": 918.0
                },
                "Name": "base",
                "ctype": "PanelObjectData"
              },
              {
                "ClipAble": false,
                "FileData": {
                  "Type": "Normal",
                  "Path": "top/bottom.png",
                  "Plist": ""
                },
                "ComboBoxIndex": 1,
                "SingleColor": {
                  "R": 230,
                  "G": 230,
                  "B": 250
                },
                "FirstColor": {
                  "R": 150,
                  "G": 200
                },
                "EndColor": {},
                "ColorVector": {
                  "ScaleY": 1.0
                },
                "Scale9Enable": true,
                "Scale9OriginX": 211,
                "Scale9OriginY": 26,
                "Scale9Width": 218,
                "Scale9Height": 30,
                "TouchEnable": true,
                "AnchorPoint": {},
                "Position": {
                  "X": 0.0,
                  "Y": 0.0
                },
                "Scale": {
                  "ScaleX": 1.0,
                  "ScaleY": 1.0
                },
                "CColor": {},
                "IconVisible": false,
                "PrePosition": {
                  "X": 0.0,
                  "Y": 0.0
                },
                "PreSize": {
                  "X": 1.0,
                  "Y": 0.1156
                },
                "TopMargin": 918.0,
                "Tag": 21,
                "Children": [
                  {
                    "FontSize": 20,
                    "ButtonText": "",
                    "TextColor": {
                      "R": 230,
                      "G": 230,
                      "B": 250
                    },
                    "DisabledFileData": {
                      "Type": "Default",
                      "Path": "Default/Button_Disable.png",
                      "Plist": ""
                    },
                    "PressedFileData": {
                      "Type": "Normal",
                      "Path": "top/gonggao2.png",
                      "Plist": ""
                    },
                    "NormalFileData": {
                      "Type": "Normal",
                      "Path": "top/gonggao.png",
                      "Plist": ""
                    },
                    "Scale9Enable": true,
                    "Scale9OriginX": 13,
                    "Scale9OriginY": 11,
                    "Scale9Width": 92,
                    "Scale9Height": 97,
                    "OutlineColor": {
                      "G": 0,
                      "B": 0
                    },
                    "ShadowColor": {
                      "R": 110,
                      "G": 110,
                      "B": 110
                    },
                    "ShadowOffsetX": 2.0,
                    "ShadowOffsetY": -2.0,
                    "TouchEnable": true,
                    "AnchorPoint": {
                      "ScaleX": 0.5,
                      "ScaleY": 0.5
                    },
                    "Position": {
                      "X": 70.8913,
                      "Y": 58.888
                    },
                    "Scale": {
                      "ScaleX": 1.0,
                      "ScaleY": 1.0
                    },
                    "CColor": {},
                    "IconVisible": false,
                    "PrePosition": {
                      "X": 0.1108,
                      "Y": 0.4907
                    },
                    "PreSize": {
                      "X": 0.1875,
                      "Y": 1.0
                    },
                    "LeftMargin": 10.8913,
                    "RightMargin": 509.1087,
                    "TopMargin": 1.112,
                    "BottomMargin": -1.112,
                    "Tag": 22,
                    "ActionTag": -407096345,
                    "Size": {
                      "X": 120.0,
                      "Y": 120.0
                    },
                    "Name": "btn_gonggao",
                    "ctype": "ButtonObjectData"
                  },
                  {
                    "FontSize": 20,
                    "ButtonText": "",
                    "TextColor": {
                      "R": 230,
                      "G": 230,
                      "B": 250
                    },
                    "DisabledFileData": {
                      "Type": "Default",
                      "Path": "Default/Button_Disable.png",
                      "Plist": ""
                    },
                    "PressedFileData": {
                      "Type": "Normal",
                      "Path": "top/home2.png",
                      "Plist": ""
                    },
                    "NormalFileData": {
                      "Type": "Normal",
                      "Path": "top/home.png",
                      "Plist": ""
                    },
                    "Scale9Enable": true,
                    "Scale9OriginX": 15,
                    "Scale9OriginY": 11,
                    "Scale9Width": 90,
                    "Scale9Height": 98,
                    "OutlineColor": {
                      "G": 0,
                      "B": 0
                    },
                    "ShadowColor": {
                      "R": 110,
                      "G": 110,
                      "B": 110
                    },
                    "ShadowOffsetX": 2.0,
                    "ShadowOffsetY": -2.0,
                    "TouchEnable": true,
                    "AnchorPoint": {
                      "ScaleX": 0.5,
                      "ScaleY": 0.5
                    },
                    "Position": {
                      "X": 320.8591,
                      "Y": 58.8881
                    },
                    "Scale": {
                      "ScaleX": 1.0,
                      "ScaleY": 1.0
                    },
                    "CColor": {},
                    "IconVisible": false,
                    "PrePosition": {
                      "X": 0.5013,
                      "Y": 0.4907
                    },
                    "PreSize": {
                      "X": 0.1875,
                      "Y": 1.0
                    },
                    "LeftMargin": 260.8591,
                    "RightMargin": 259.1409,
                    "TopMargin": 1.1119,
                    "BottomMargin": -1.1119,
                    "Tag": 24,
                    "ActionTag": 554200764,
                    "Size": {
                      "X": 120.0,
                      "Y": 120.0
                    },
                    "Name": "btn_main",
                    "ctype": "ButtonObjectData"
                  },
                  {
                    "FontSize": 20,
                    "ButtonText": "",
                    "TextColor": {
                      "R": 230,
                      "G": 230,
                      "B": 250
                    },
                    "DisabledFileData": {
                      "Type": "Default",
                      "Path": "Default/Button_Disable.png",
                      "Plist": ""
                    },
                    "PressedFileData": {
                      "Type": "Normal",
                      "Path": "top/setting2.png",
                      "Plist": ""
                    },
                    "NormalFileData": {
                      "Type": "Normal",
                      "Path": "top/setting.png",
                      "Plist": ""
                    },
                    "Scale9Enable": true,
                    "Scale9OriginX": 15,
                    "Scale9OriginY": 11,
                    "Scale9Width": 90,
                    "Scale9Height": 98,
                    "OutlineColor": {
                      "G": 0,
                      "B": 0
                    },
                    "ShadowColor": {
                      "R": 110,
                      "G": 110,
                      "B": 110
                    },
                    "ShadowOffsetX": 2.0,
                    "ShadowOffsetY": -2.0,
                    "TouchEnable": true,
                    "AnchorPoint": {
                      "ScaleX": 0.5,
                      "ScaleY": 0.5
                    },
                    "Position": {
                      "X": 570.8264,
                      "Y": 58.8881
                    },
                    "Scale": {
                      "ScaleX": 1.0,
                      "ScaleY": 1.0
                    },
                    "CColor": {},
                    "IconVisible": false,
                    "PrePosition": {
                      "X": 0.8919,
                      "Y": 0.4907
                    },
                    "PreSize": {
                      "X": 0.1875,
                      "Y": 1.0
                    },
                    "LeftMargin": 510.8264,
                    "RightMargin": 9.1736,
                    "TopMargin": 1.1119,
                    "BottomMargin": -1.1119,
                    "Tag": 25,
                    "ActionTag": -1745004568,
                    "Size": {
                      "X": 120.0,
                      "Y": 120.0
                    },
                    "Name": "btn_setting",
                    "ctype": "ButtonObjectData"
                  },
                  {
                    "FontSize": 20,
                    "ButtonText": "",
                    "TextColor": {
                      "R": 230,
                      "G": 230,
                      "B": 250
                    },
                    "DisabledFileData": {
                      "Type": "Default",
                      "Path": "Default/Button_Disable.png",
                      "Plist": ""
                    },
                    "PressedFileData": {
                      "Type": "Normal",
                      "Path": "top/market2.png",
                      "Plist": ""
                    },
                    "NormalFileData": {
                      "Type": "Normal",
                      "Path": "top/market.png",
                      "Plist": ""
                    },
                    "Scale9Enable": true,
                    "Scale9OriginX": 15,
                    "Scale9OriginY": 11,
                    "Scale9Width": 90,
                    "Scale9Height": 98,
                    "OutlineColor": {
                      "G": 0,
                      "B": 0
                    },
                    "ShadowColor": {
                      "R": 110,
                      "G": 110,
                      "B": 110
                    },
                    "ShadowOffsetX": 2.0,
                    "ShadowOffsetY": -2.0,
                    "TouchEnable": true,
                    "AnchorPoint": {
                      "ScaleX": 0.5,
                      "ScaleY": 0.5
                    },
                    "Position": {
                      "X": 195.8754,
                      "Y": 58.8881
                    },
                    "Scale": {
                      "ScaleX": 1.0,
                      "ScaleY": 1.0
                    },
                    "CColor": {},
                    "IconVisible": false,
                    "PrePosition": {
                      "X": 0.3061,
                      "Y": 0.4907
                    },
                    "PreSize": {
                      "X": 0.1875,
                      "Y": 1.0
                    },
                    "LeftMargin": 135.8754,
                    "RightMargin": 384.1246,
                    "TopMargin": 1.1119,
                    "BottomMargin": -1.1119,
                    "Tag": 27,
                    "ActionTag": 1171528226,
                    "Size": {
                      "X": 120.0,
                      "Y": 120.0
                    },
                    "Name": "btn_market",
                    "ctype": "ButtonObjectData"
                  },
                  {
                    "FontSize": 20,
                    "ButtonText": "",
                    "TextColor": {
                      "R": 230,
                      "G": 230,
                      "B": 250
                    },
                    "DisabledFileData": {
                      "Type": "Default",
                      "Path": "Default/Button_Disable.png",
                      "Plist": ""
                    },
                    "PressedFileData": {
                      "Type": "Normal",
                      "Path": "top/huodong2.png",
                      "Plist": ""
                    },
                    "NormalFileData": {
                      "Type": "Normal",
                      "Path": "top/huodong.png",
                      "Plist": ""
                    },
                    "Scale9Enable": true,
                    "Scale9OriginX": 15,
                    "Scale9OriginY": 11,
                    "Scale9Width": 90,
                    "Scale9Height": 98,
                    "OutlineColor": {
                      "G": 0,
                      "B": 0
                    },
                    "ShadowColor": {
                      "R": 110,
                      "G": 110,
                      "B": 110
                    },
                    "ShadowOffsetX": 2.0,
                    "ShadowOffsetY": -2.0,
                    "TouchEnable": true,
                    "AnchorPoint": {
                      "ScaleX": 0.5,
                      "ScaleY": 0.5
                    },
                    "Position": {
                      "X": 445.8428,
                      "Y": 58.8881
                    },
                    "Scale": {
                      "ScaleX": 1.0,
                      "ScaleY": 1.0
                    },
                    "CColor": {},
                    "IconVisible": false,
                    "PrePosition": {
                      "X": 0.6966,
                      "Y": 0.4907
                    },
                    "PreSize": {
                      "X": 0.1875,
                      "Y": 1.0
                    },
                    "LeftMargin": 385.8428,
                    "RightMargin": 134.1572,
                    "TopMargin": 1.1119,
                    "BottomMargin": -1.1119,
                    "Tag": 28,
                    "ActionTag": -2142084349,
                    "Size": {
                      "X": 120.0,
                      "Y": 120.0
                    },
                    "Name": "btn_action",
                    "ctype": "ButtonObjectData"
                  }
                ],
                "ActionTag": -2035783321,
                "Size": {
                  "X": 640.0,
                  "Y": 120.0
                },
                "Name": "Panel_Bottom",
                "ctype": "PanelObjectData"
              },
              {
                "ClipAble": false,
                "BackColorAlpha": 0,
                "ComboBoxIndex": 1,
                "SingleColor": {
                  "R": 150,
                  "G": 200
                },
                "FirstColor": {
                  "R": 150,
                  "G": 200
                },
                "EndColor": {},
                "ColorVector": {
                  "ScaleY": 1.0
                },
                "Scale9Width": 1,
                "Scale9Height": 1,
                "AnchorPoint": {},
                "Position": {
                  "X": 0.0,
                  "Y": 0.0
                },
                "Scale": {
                  "ScaleX": 1.0,
                  "ScaleY": 1.0
                },
                "CColor": {},
                "IconVisible": false,
                "PrePosition": {
                  "X": 0.0,
                  "Y": 0.0
                },
                "PreSize": {
                  "X": 1.0,
                  "Y": 1.0
                },
                "Tag": 50,
                "ActionTag": -1093552615,
                "Size": {
                  "X": 640.0,
                  "Y": 1038.0
                },
                "Name": "game",
                "ctype": "PanelObjectData"
              }
            ],
            "ActionTag": -1191579742,
            "Size": {
              "X": 640.0,
              "Y": 1038.0
            },
            "Name": "Base",
            "ctype": "PanelObjectData"
          }
        ],
        "Size": {
          "X": 640.0,
          "Y": 1038.0
        },
        "Name": "Layer",
        "ctype": "LayerObjectData"
      },
      "UsedResources": [
        "Default/Button_Disable.png",
        "Default/Sprite.png",
        "res/background.png",
        "top/bottom.png",
        "top/fangka.png",
        "top/gonggao.png",
        "top/gonggao2.png",
        "top/home.png",
        "top/home2.png",
        "top/huodong.png",
        "top/huodong2.png",
        "top/market.png",
        "top/market2.png",
        "top/money.png",
        "top/playerbar.png",
        "top/setting.png",
        "top/setting2.png",
        "top/TopBar.png"
      ],
      "ctype": "GameFileData"
    }
  },
  "Type": "Layer"
}