{
  "ID": "a2ee0952-26b5-49ae-8bf9-4f1d6279b798",
  "Version": "2.1.0.0",
  "Type": "Scene",
  "Name": "MainScene",
  "Content": {
    "Content": {
      "Animation": {
        "Duration": 0,
        "Speed": 1.0,
        "Timelines": [],
        "ctype": "TimelineActionData"
      },
      "AnimationList": [],
      "ObjectData": {
        "PrePosition": {
          "X": 0.0,
          "Y": 0.0
        },
        "PreSize": {
          "X": 0.0,
          "Y": 0.0
        },
        "RightMargin": -960.0,
        "TopMargin": -640.0,
        "Children": [
          {
            "FileData": {
              "Type": "Normal",
              "Path": "HelloWorld.png"
            },
            "Tag": 5,
            "PrePosition": {
              "X": 0.5,
              "Y": 0.5
            },
            "PreSize": {
              "X": 0.0,
              "Y": 0.0
            },
            "ActionTag": 953446860,
            "Position": {
              "X": 480.0,
              "Y": 320.0
            },
            "Scale": {
              "ScaleX": 1.0,
              "ScaleY": 1.0
            },
            "AnchorPoint": {
              "ScaleX": 0.5,
              "ScaleY": 0.5
            },
            "CColor": {},
            "Size": {
              "X": 960.0,
              "Y": 640.0
            },
            "FrameEvent": "",
            "Name": "Default",
            "ctype": "SpriteObjectData"
          }
        ],
        "Position": {
          "X": 0.0,
          "Y": 0.0
        },
        "Scale": {
          "ScaleX": 1.0,
          "ScaleY": 1.0
        },
        "AnchorPoint": {},
        "CColor": {},
        "Size": {
          "X": 960.0,
          "Y": 640.0
        },
        "FrameEvent": "",
        "Name": "Scene",
        "ctype": "SingleNodeObjectData"
      },
      "ctype": "GameProjectData"
    }
  }
}