{
  "ID": "897a7cd8-ef12-4048-bb1e-6ab86c5877f8",
  "Version": "3.10.0.0",
  "Name": "market",
  "Content": {
    "Content": {
      "Animation": {
        "Duration": 0,
        "Speed": 1.0,
        "Timelines": [],
        "ctype": "TimelineActionData"
      },
      "AnimationList": [],
      "ObjectData": {
        "Tag": 46,
        "Children": [
          {
            "ClipAble": false,
            "SingleColor": {},
            "FirstColor": {
              "R": 150,
              "G": 200
            },
            "EndColor": {},
            "ColorVector": {
              "ScaleY": 1.0
            },
            "Scale9Width": 1,
            "Scale9Height": 1,
            "TouchEnable": true,
            "AnchorPoint": {},
            "Position": {
              "X": 0.0,
              "Y": 0.0
            },
            "Scale": {
              "ScaleX": 1.0,
              "ScaleY": 1.0
            },
            "CColor": {},
            "IconVisible": false,
            "PrePosition": {
              "X": 0.0,
              "Y": 0.0
            },
            "PreSize": {
              "X": 1.0,
              "Y": 1.0
            },
            "Tag": 48,
            "Children": [
              {
                "DirectionType": "Vertical",
                "ScrollDirectionType": 0,
                "ClipAble": false,
                "BackColorAlpha": 0,
                "ComboBoxIndex": 1,
                "SingleColor": {
                  "R": 150,
                  "G": 150
                },
                "FirstColor": {
                  "R": 150,
                  "G": 150
                },
                "EndColor": {},
                "ColorVector": {
                  "ScaleY": 1.0
                },
                "Scale9Width": 1,
                "Scale9Height": 1,
                "TouchEnable": true,
                "AnchorPoint": {},
                "Position": {
                  "X": 0.0,
                  "Y": 0.0
                },
                "Scale": {
                  "ScaleX": 1.0,
                  "ScaleY": 1.0
                },
                "CColor": {},
                "IconVisible": false,
                "PrePosition": {
                  "X": 0.0,
                  "Y": 0.0
                },
                "PreSize": {
                  "X": 1.0,
                  "Y": 1.0
                },
                "Tag": 49,
                "ActionTag": 1214339407,
                "Size": {
                  "X": 640.0,
                  "Y": 700.0
                },
                "Name": "listview",
                "ctype": "ListViewObjectData"
              },
              {
                "IsBounceEnabled": true,
                "InnerNodeSize": {
                  "Width": 640,
                  "Height": 700
                },
                "ScrollDirectionType": "Vertical",
                "ClipAble": true,
                "BackColorAlpha": 102,
                "FileData": {
                  "Type": "Normal",
                  "Path": "shop/shop_icon_bg.png",
                  "Plist": ""
                },
                "SingleColor": {
                  "G": 150,
                  "B": 100
                },
                "FirstColor": {
                  "G": 150,
                  "B": 100
                },
                "EndColor": {},
                "ColorVector": {
                  "ScaleY": 1.0
                },
                "Scale9OriginX": 211,
                "Scale9OriginY": 302,
                "Scale9Width": 218,
                "Scale9Height": 314,
                "TouchEnable": true,
                "AnchorPoint": {},
                "Position": {
                  "X": 0.0,
                  "Y": 2.6844
                },
                "Scale": {
                  "ScaleX": 1.0,
                  "ScaleY": 1.0
                },
                "CColor": {},
                "IconVisible": false,
                "PrePosition": {
                  "X": 0.0,
                  "Y": 0.0038
                },
                "PreSize": {
                  "X": 1.0,
                  "Y": 1.0
                },
                "TopMargin": -2.6844,
                "BottomMargin": 2.6844,
                "Tag": 343,
                "Children": [
                  {
                    "FontSize": 14,
                    "ButtonText": "Button",
                    "TextColor": {
                      "R": 65,
                      "G": 65,
                      "B": 70
                    },
                    "PressedFileData": {
                      "Type": "Normal",
                      "Path": "shop/shop_icon_di.png",
                      "Plist": ""
                    },
                    "NormalFileData": {
                      "Type": "Normal",
                      "Path": "shop/shop_icon_di.png",
                      "Plist": ""
                    },
                    "Scale9Enable": true,
                    "Scale9OriginX": 15,
                    "Scale9OriginY": 11,
                    "Scale9Width": 150,
                    "Scale9Height": 208,
                    "DisplayState": false,
                    "OutlineColor": {
                      "G": 0,
                      "B": 0
                    },
                    "ShadowColor": {
                      "R": 110,
                      "G": 110,
                      "B": 110
                    },
                    "ShadowOffsetX": 2.0,
                    "ShadowOffsetY": -2.0,
                    "TouchEnable": true,
                    "AnchorPoint": {
                      "ScaleX": 0.5,
                      "ScaleY": 0.5
                    },
                    "Position": {
                      "X": 107.3881,
                      "Y": 293.4951
                    },
                    "Scale": {
                      "ScaleX": 1.0,
                      "ScaleY": 1.0
                    },
                    "CColor": {},
                    "IconVisible": false,
                    "PrePosition": {
                      "X": 0.1678,
                      "Y": 0.4193
                    },
                    "PreSize": {
                      "X": 0.2812,
                      "Y": 0.3286
                    },
                    "LeftMargin": 17.3881,
                    "RightMargin": 442.6119,
                    "TopMargin": 291.5049,
                    "BottomMargin": 178.4951,
                    "Tag": 136,
                    "Children": [
                      {
                        "FileData": {
                          "Type": "Normal",
                          "Path": "shop/shop_icon_bule.png",
                          "Plist": ""
                        },
                        "BlendFunc": {
                          "Src": 1,
                          "Dst": 771
                        },
                        "AnchorPoint": {
                          "ScaleX": 0.5,
                          "ScaleY": 0.5
                        },
                        "Position": {
                          "X": 90.0,
                          "Y": 21.0
                        },
                        "Scale": {
                          "ScaleX": 1.0,
                          "ScaleY": 1.0
                        },
                        "CColor": {},
                        "IconVisible": false,
                        "PrePosition": {
                          "X": 0.5,
                          "Y": 0.0913
                        },
                        "PreSize": {
                          "X": 1.0,
                          "Y": 0.187
                        },
                        "TopMargin": 187.5,
                        "BottomMargin": -0.5,
                        "Tag": 137,
                        "ActionTag": 418322111,
                        "Size": {
                          "X": 180.0,
                          "Y": 43.0
                        },
                        "Name": "shop_icon_bule_2",
                        "ctype": "SpriteObjectData"
                      },
                      {
                        "FileData": {
                          "Type": "Normal",
                          "Path": "shop/shop_icon_bule.png",
                          "Plist": ""
                        },
                        "BlendFunc": {
                          "Src": 1,
                          "Dst": 771
                        },
                        "AnchorPoint": {
                          "ScaleX": 0.5,
                          "ScaleY": 0.5
                        },
                        "Position": {
                          "X": 90.0,
                          "Y": 208.5057
                        },
                        "Scale": {
                          "ScaleX": 1.0,
                          "ScaleY": 1.0
                        },
                        "RotationSkewX": 180.0,
                        "RotationSkewY": 180.0,
                        "CColor": {},
                        "IconVisible": false,
                        "PrePosition": {
                          "X": 0.5,
                          "Y": 0.9065
                        },
                        "PreSize": {
                          "X": 1.0,
                          "Y": 0.187
                        },
                        "TopMargin": -0.0057,
                        "BottomMargin": 187.0057,
                        "Tag": 138,
                        "ActionTag": -2036742316,
                        "Size": {
                          "X": 180.0,
                          "Y": 43.0
                        },
                        "Name": "shop_icon_bule_2_0",
                        "ctype": "SpriteObjectData"
                      },
                      {
                        "FontSize": 36,
                        "LabelText": "喇 叭",
                        "OutlineColor": {
                          "G": 0,
                          "B": 0
                        },
                        "ShadowColor": {
                          "R": 110,
                          "G": 110,
                          "B": 110
                        },
                        "ShadowOffsetX": 2.0,
                        "ShadowOffsetY": -2.0,
                        "AnchorPoint": {
                          "ScaleX": 0.5,
                          "ScaleY": 0.5
                        },
                        "Position": {
                          "X": 92.0245,
                          "Y": 210.3726
                        },
                        "Scale": {
                          "ScaleX": 1.0,
                          "ScaleY": 1.0
                        },
                        "CColor": {},
                        "IconVisible": false,
                        "PrePosition": {
                          "X": 0.5112,
                          "Y": 0.9147
                        },
                        "PreSize": {
                          "X": 0.5,
                          "Y": 0.1565
                        },
                        "LeftMargin": 47.0245,
                        "RightMargin": 42.9755,
                        "TopMargin": 1.6274,
                        "BottomMargin": 192.3726,
                        "Tag": 139,
                        "ActionTag": 1338388911,
                        "Size": {
                          "X": 90.0,
                          "Y": 36.0
                        },
                        "Name": "lb_gold",
                        "ctype": "TextObjectData"
                      },
                      {
                        "FontSize": 30,
                        "LabelText": "1元",
                        "OutlineColor": {
                          "G": 0,
                          "B": 0
                        },
                        "ShadowColor": {
                          "R": 110,
                          "G": 110,
                          "B": 110
                        },
                        "ShadowOffsetX": 2.0,
                        "ShadowOffsetY": -2.0,
                        "AnchorPoint": {
                          "ScaleX": 0.5,
                          "ScaleY": 0.5
                        },
                        "Position": {
                          "X": 90.5772,
                          "Y": 23.4741
                        },
                        "Scale": {
                          "ScaleX": 1.0,
                          "ScaleY": 1.0
                        },
                        "CColor": {},
                        "IconVisible": false,
                        "PrePosition": {
                          "X": 0.5032,
                          "Y": 0.1021
                        },
                        "PreSize": {
                          "X": 0.25,
                          "Y": 0.1304
                        },
                        "LeftMargin": 68.0772,
                        "RightMargin": 66.9228,
                        "TopMargin": 191.5259,
                        "BottomMargin": 8.4741,
                        "Tag": 140,
                        "ActionTag": 2091913508,
                        "Size": {
                          "X": 45.0,
                          "Y": 30.0
                        },
                        "Name": "lb_money",
                        "ctype": "TextObjectData"
                      },
                      {
                        "FileData": {
                          "Type": "Normal",
                          "Path": "shop/shopFk_icon_laba.png",
                          "Plist": ""
                        },
                        "BlendFunc": {
                          "Src": 1,
                          "Dst": 771
                        },
                        "AnchorPoint": {
                          "ScaleX": 0.5,
                          "ScaleY": 0.5
                        },
                        "Position": {
                          "X": 89.7774,
                          "Y": 118.2185
                        },
                        "Scale": {
                          "ScaleX": 1.0,
                          "ScaleY": 1.0
                        },
                        "CColor": {},
                        "IconVisible": false,
                        "PrePosition": {
                          "X": 0.4988,
                          "Y": 0.514
                        },
                        "PreSize": {
                          "X": 0.5,
                          "Y": 0.3783
                        },
                        "LeftMargin": 44.7774,
                        "RightMargin": 45.2226,
                        "TopMargin": 68.2815,
                        "BottomMargin": 74.7185,
                        "Tag": 141,
                        "ActionTag": -2015018055,
                        "Size": {
                          "X": 90.0,
                          "Y": 87.0
                        },
                        "Name": "shop_icon_gold1_5",
                        "ctype": "SpriteObjectData"
                      },
                      {
                        "FileData": {
                          "Type": "Normal",
                          "Path": "shop/shop_icon_xx.png",
                          "Plist": ""
                        },
                        "BlendFunc": {
                          "Src": 1,
                          "Dst": 771
                        },
                        "AnchorPoint": {
                          "ScaleX": 0.5,
                          "ScaleY": 0.5
                        },
                        "Position": {
                          "X": 89.7774,
                          "Y": 120.0329
                        },
                        "Scale": {
                          "ScaleX": 1.0,
                          "ScaleY": 1.0
                        },
                        "CColor": {},
                        "IconVisible": false,
                        "PrePosition": {
                          "X": 0.4988,
                          "Y": 0.5219
                        },
                        "PreSize": {
                          "X": 0.55,
                          "Y": 0.3478
                        },
                        "LeftMargin": 40.2774,
                        "RightMargin": 40.7226,
                        "TopMargin": 69.9671,
                        "BottomMargin": 80.0329,
                        "Tag": 142,
                        "ActionTag": -659138111,
                        "Size": {
                          "X": 99.0,
                          "Y": 80.0
                        },
                        "Name": "shop_icon_xx_4",
                        "ctype": "SpriteObjectData"
                      }
                    ],
                    "ActionTag": 1449129332,
                    "Size": {
                      "X": 180.0,
                      "Y": 230.0
                    },
                    "Name": "btn_gold9",
                    "ctype": "ButtonObjectData"
                  },
                  {
                    "FontSize": 14,
                    "ButtonText": "Button",
                    "TextColor": {
                      "R": 65,
                      "G": 65,
                      "B": 70
                    },
                    "DisabledFileData": {
                      "Type": "Default",
                      "Path": "Default/Button_Disable.png",
                      "Plist": ""
                    },
                    "PressedFileData": {
                      "Type": "Normal",
                      "Path": "shop/shop_icon_di.png",
                      "Plist": ""
                    },
                    "NormalFileData": {
                      "Type": "Normal",
                      "Path": "shop/shop_icon_di.png",
                      "Plist": ""
                    },
                    "Scale9Enable": true,
                    "Scale9OriginX": 15,
                    "Scale9OriginY": 11,
                    "Scale9Width": 150,
                    "Scale9Height": 208,
                    "OutlineColor": {
                      "G": 0,
                      "B": 0
                    },
                    "ShadowColor": {
                      "R": 110,
                      "G": 110,
                      "B": 110
                    },
                    "ShadowOffsetX": 2.0,
                    "ShadowOffsetY": -2.0,
                    "TouchEnable": true,
                    "AnchorPoint": {
                      "ScaleX": 0.5,
                      "ScaleY": 0.5
                    },
                    "Position": {
                      "X": 532.645,
                      "Y": 551.9745
                    },
                    "Scale": {
                      "ScaleX": 1.0,
                      "ScaleY": 1.0
                    },
                    "CColor": {},
                    "IconVisible": false,
                    "PrePosition": {
                      "X": 0.8323,
                      "Y": 0.7885
                    },
                    "PreSize": {
                      "X": 0.2812,
                      "Y": 0.3286
                    },
                    "LeftMargin": 442.645,
                    "RightMargin": 17.355,
                    "TopMargin": 33.0255,
                    "BottomMargin": 436.9745,
                    "Tag": 143,
                    "Children": [
                      {
                        "FileData": {
                          "Type": "Normal",
                          "Path": "shop/shop_icon_bule.png",
                          "Plist": ""
                        },
                        "BlendFunc": {
                          "Src": 1,
                          "Dst": 771
                        },
                        "AnchorPoint": {
                          "ScaleX": 0.5,
                          "ScaleY": 0.5
                        },
                        "Position": {
                          "X": 90.0,
                          "Y": 21.0
                        },
                        "Scale": {
                          "ScaleX": 1.0,
                          "ScaleY": 1.0
                        },
                        "CColor": {},
                        "IconVisible": false,
                        "PrePosition": {
                          "X": 0.5,
                          "Y": 0.0913
                        },
                        "PreSize": {
                          "X": 1.0,
                          "Y": 0.187
                        },
                        "TopMargin": 187.5,
                        "BottomMargin": -0.5,
                        "Tag": 144,
                        "ActionTag": 1270394123,
                        "Size": {
                          "X": 180.0,
                          "Y": 43.0
                        },
                        "Name": "shop_icon_bule_2",
                        "ctype": "SpriteObjectData"
                      },
                      {
                        "FileData": {
                          "Type": "Normal",
                          "Path": "shop/shop_icon_bule.png",
                          "Plist": ""
                        },
                        "BlendFunc": {
                          "Src": 1,
                          "Dst": 771
                        },
                        "AnchorPoint": {
                          "ScaleX": 0.5,
                          "ScaleY": 0.5
                        },
                        "Position": {
                          "X": 90.0,
                          "Y": 208.5057
                        },
                        "Scale": {
                          "ScaleX": 1.0,
                          "ScaleY": 1.0
                        },
                        "RotationSkewX": 180.0,
                        "RotationSkewY": 180.0,
                        "CColor": {},
                        "IconVisible": false,
                        "PrePosition": {
                          "X": 0.5,
                          "Y": 0.9065
                        },
                        "PreSize": {
                          "X": 1.0,
                          "Y": 0.187
                        },
                        "TopMargin": -0.0057,
                        "BottomMargin": 187.0057,
                        "Tag": 145,
                        "ActionTag": -859517353,
                        "Size": {
                          "X": 180.0,
                          "Y": 43.0
                        },
                        "Name": "shop_icon_bule_2_0",
                        "ctype": "SpriteObjectData"
                      },
                      {
                        "FontSize": 36,
                        "LabelText": "100张",
                        "OutlineColor": {
                          "G": 0,
                          "B": 0
                        },
                        "ShadowColor": {
                          "R": 110,
                          "G": 110,
                          "B": 110
                        },
                        "ShadowOffsetX": 2.0,
                        "ShadowOffsetY": -2.0,
                        "AnchorPoint": {
                          "ScaleX": 0.5,
                          "ScaleY": 0.5
                        },
                        "Position": {
                          "X": 93.3669,
                          "Y": 209.0304
                        },
                        "Scale": {
                          "ScaleX": 1.0,
                          "ScaleY": 1.0
                        },
                        "CColor": {},
                        "IconVisible": false,
                        "PrePosition": {
                          "X": 0.5187,
                          "Y": 0.9088
                        },
                        "PreSize": {
                          "X": 0.5,
                          "Y": 0.1565
                        },
                        "LeftMargin": 48.3669,
                        "RightMargin": 41.6331,
                        "TopMargin": 2.9696,
                        "BottomMargin": 191.0304,
                        "Tag": 146,
                        "ActionTag": 1590824934,
                        "Size": {
                          "X": 90.0,
                          "Y": 36.0
                        },
                        "Name": "lb_gold",
                        "ctype": "TextObjectData"
                      },
                      {
                        "FontSize": 30,
                        "LabelText": "95元",
                        "OutlineColor": {
                          "G": 0,
                          "B": 0
                        },
                        "ShadowColor": {
                          "R": 110,
                          "G": 110,
                          "B": 110
                        },
                        "ShadowOffsetX": 2.0,
                        "ShadowOffsetY": -2.0,
                        "AnchorPoint": {
                          "ScaleX": 0.5,
                          "ScaleY": 0.5
                        },
                        "Position": {
                          "X": 90.5772,
                          "Y": 23.4741
                        },
                        "Scale": {
                          "ScaleX": 1.0,
                          "ScaleY": 1.0
                        },
                        "CColor": {},
                        "IconVisible": false,
                        "PrePosition": {
                          "X": 0.5032,
                          "Y": 0.1021
                        },
                        "PreSize": {
                          "X": 0.3333,
                          "Y": 0.1304
                        },
                        "LeftMargin": 60.5772,
                        "RightMargin": 59.4228,
                        "TopMargin": 191.5259,
                        "BottomMargin": 8.4741,
                        "Tag": 147,
                        "ActionTag": -1408767319,
                        "Size": {
                          "X": 60.0,
                          "Y": 30.0
                        },
                        "Name": "lb_money",
                        "ctype": "TextObjectData"
                      },
                      {
                        "FileData": {
                          "Type": "Normal",
                          "Path": "shop/shopFk_icon_fk3.png",
                          "Plist": ""
                        },
                        "BlendFunc": {
                          "Src": 1,
                          "Dst": 771
                        },
                        "AnchorPoint": {
                          "ScaleX": 0.5,
                          "ScaleY": 0.5
                        },
                        "Position": {
                          "X": 89.7774,
                          "Y": 118.2185
                        },
                        "Scale": {
                          "ScaleX": 1.0,
                          "ScaleY": 1.0
                        },
                        "CColor": {},
                        "IconVisible": false,
                        "PrePosition": {
                          "X": 0.4988,
                          "Y": 0.514
                        },
                        "PreSize": {
                          "X": 0.6667,
                          "Y": 0.4565
                        },
                        "LeftMargin": 29.7774,
                        "RightMargin": 30.2226,
                        "TopMargin": 59.2815,
                        "BottomMargin": 65.7185,
                        "Tag": 148,
                        "ActionTag": -314938048,
                        "Size": {
                          "X": 120.0,
                          "Y": 105.0
                        },
                        "Name": "shop_icon_gold1_5",
                        "ctype": "SpriteObjectData"
                      },
                      {
                        "FileData": {
                          "Type": "Normal",
                          "Path": "shop/shop_icon_xx.png",
                          "Plist": ""
                        },
                        "BlendFunc": {
                          "Src": 1,
                          "Dst": 771
                        },
                        "AnchorPoint": {
                          "ScaleX": 0.5,
                          "ScaleY": 0.5
                        },
                        "Position": {
                          "X": 89.7774,
                          "Y": 120.0329
                        },
                        "Scale": {
                          "ScaleX": 1.0,
                          "ScaleY": 1.0
                        },
                        "CColor": {},
                        "IconVisible": false,
                        "PrePosition": {
                          "X": 0.4988,
                          "Y": 0.5219
                        },
                        "PreSize": {
                          "X": 0.55,
                          "Y": 0.3478
                        },
                        "LeftMargin": 40.2774,
                        "RightMargin": 40.7226,
                        "TopMargin": 69.9671,
                        "BottomMargin": 80.0329,
                        "Tag": 149,
                        "ActionTag": 1687027613,
                        "Size": {
                          "X": 99.0,
                          "Y": 80.0
                        },
                        "Name": "shop_icon_xx_4",
                        "ctype": "SpriteObjectData"
                      }
                    ],
                    "ActionTag": -744095989,
                    "Size": {
                      "X": 180.0,
                      "Y": 230.0
                    },
                    "Name": "btn_gold8",
                    "ctype": "ButtonObjectData"
                  },
                  {
                    "FontSize": 14,
                    "ButtonText": "Button",
                    "TextColor": {
                      "R": 65,
                      "G": 65,
                      "B": 70
                    },
                    "DisabledFileData": {
                      "Type": "Default",
                      "Path": "Default/Button_Disable.png",
                      "Plist": ""
                    },
                    "PressedFileData": {
                      "Type": "Normal",
                      "Path": "shop/shop_icon_di.png",
                      "Plist": ""
                    },
                    "NormalFileData": {
                      "Type": "Normal",
                      "Path": "shop/shop_icon_di.png",
                      "Plist": ""
                    },
                    "Scale9Enable": true,
                    "Scale9OriginX": 15,
                    "Scale9OriginY": 11,
                    "Scale9Width": 150,
                    "Scale9Height": 208,
                    "OutlineColor": {
                      "G": 0,
                      "B": 0
                    },
                    "ShadowColor": {
                      "R": 110,
                      "G": 110,
                      "B": 110
                    },
                    "ShadowOffsetX": 2.0,
                    "ShadowOffsetY": -2.0,
                    "TouchEnable": true,
                    "AnchorPoint": {
                      "ScaleX": 0.5,
                      "ScaleY": 0.5
                    },
                    "Position": {
                      "X": 320.0165,
                      "Y": 551.9745
                    },
                    "Scale": {
                      "ScaleX": 1.0,
                      "ScaleY": 1.0
                    },
                    "CColor": {},
                    "IconVisible": false,
                    "PrePosition": {
                      "X": 0.5,
                      "Y": 0.7885
                    },
                    "PreSize": {
                      "X": 0.2812,
                      "Y": 0.3286
                    },
                    "LeftMargin": 230.0165,
                    "RightMargin": 229.9835,
                    "TopMargin": 33.0255,
                    "BottomMargin": 436.9745,
                    "Tag": 150,
                    "Children": [
                      {
                        "FileData": {
                          "Type": "Normal",
                          "Path": "shop/shop_icon_bule.png",
                          "Plist": ""
                        },
                        "BlendFunc": {
                          "Src": 1,
                          "Dst": 771
                        },
                        "AnchorPoint": {
                          "ScaleX": 0.5,
                          "ScaleY": 0.5
                        },
                        "Position": {
                          "X": 90.0,
                          "Y": 21.0
                        },
                        "Scale": {
                          "ScaleX": 1.0,
                          "ScaleY": 1.0
                        },
                        "CColor": {},
                        "IconVisible": false,
                        "PrePosition": {
                          "X": 0.5,
                          "Y": 0.0913
                        },
                        "PreSize": {
                          "X": 1.0,
                          "Y": 0.187
                        },
                        "TopMargin": 187.5,
                        "BottomMargin": -0.5,
                        "Tag": 151,
                        "ActionTag": 76007080,
                        "Size": {
                          "X": 180.0,
                          "Y": 43.0
                        },
                        "Name": "shop_icon_bule_2",
                        "ctype": "SpriteObjectData"
                      },
                      {
                        "FileData": {
                          "Type": "Normal",
                          "Path": "shop/shop_icon_bule.png",
                          "Plist": ""
                        },
                        "BlendFunc": {
                          "Src": 1,
                          "Dst": 771
                        },
                        "AnchorPoint": {
                          "ScaleX": 0.5,
                          "ScaleY": 0.5
                        },
                        "Position": {
                          "X": 90.0,
                          "Y": 208.5057
                        },
                        "Scale": {
                          "ScaleX": 1.0,
                          "ScaleY": 1.0
                        },
                        "RotationSkewX": 180.0,
                        "RotationSkewY": 180.0,
                        "CColor": {},
                        "IconVisible": false,
                        "PrePosition": {
                          "X": 0.5,
                          "Y": 0.9065
                        },
                        "PreSize": {
                          "X": 1.0,
                          "Y": 0.187
                        },
                        "TopMargin": -0.0057,
                        "BottomMargin": 187.0057,
                        "Tag": 152,
                        "ActionTag": 901814683,
                        "Size": {
                          "X": 180.0,
                          "Y": 43.0
                        },
                        "Name": "shop_icon_bule_2_0",
                        "ctype": "SpriteObjectData"
                      },
                      {
                        "FontSize": 36,
                        "LabelText": "50张",
                        "HorizontalAlignmentType": "HT_Center",
                        "OutlineColor": {
                          "G": 0,
                          "B": 0
                        },
                        "ShadowColor": {
                          "R": 110,
                          "G": 110,
                          "B": 110
                        },
                        "ShadowOffsetX": 2.0,
                        "ShadowOffsetY": -2.0,
                        "AnchorPoint": {
                          "ScaleX": 0.5,
                          "ScaleY": 0.5
                        },
                        "Position": {
                          "X": 93.3669,
                          "Y": 209.0304
                        },
                        "Scale": {
                          "ScaleX": 1.0,
                          "ScaleY": 1.0
                        },
                        "CColor": {},
                        "IconVisible": false,
                        "PrePosition": {
                          "X": 0.5187,
                          "Y": 0.9088
                        },
                        "PreSize": {
                          "X": 0.4,
                          "Y": 0.1565
                        },
                        "LeftMargin": 57.3669,
                        "RightMargin": 50.6331,
                        "TopMargin": 2.9696,
                        "BottomMargin": 191.0304,
                        "Tag": 153,
                        "ActionTag": 1019831264,
                        "Size": {
                          "X": 72.0,
                          "Y": 36.0
                        },
                        "Name": "lb_gold",
                        "ctype": "TextObjectData"
                      },
                      {
                        "FontSize": 30,
                        "LabelText": "49元",
                        "OutlineColor": {
                          "G": 0,
                          "B": 0
                        },
                        "ShadowColor": {
                          "R": 110,
                          "G": 110,
                          "B": 110
                        },
                        "ShadowOffsetX": 2.0,
                        "ShadowOffsetY": -2.0,
                        "AnchorPoint": {
                          "ScaleX": 0.5,
                          "ScaleY": 0.5
                        },
                        "Position": {
                          "X": 90.5772,
                          "Y": 23.4741
                        },
                        "Scale": {
                          "ScaleX": 1.0,
                          "ScaleY": 1.0
                        },
                        "CColor": {},
                        "IconVisible": false,
                        "PrePosition": {
                          "X": 0.5032,
                          "Y": 0.1021
                        },
                        "PreSize": {
                          "X": 0.3333,
                          "Y": 0.1304
                        },
                        "LeftMargin": 60.5772,
                        "RightMargin": 59.4228,
                        "TopMargin": 191.5259,
                        "BottomMargin": 8.4741,
                        "Tag": 154,
                        "ActionTag": 1307177218,
                        "Size": {
                          "X": 60.0,
                          "Y": 30.0
                        },
                        "Name": "lb_money",
                        "ctype": "TextObjectData"
                      },
                      {
                        "FileData": {
                          "Type": "Normal",
                          "Path": "shop/shopFk_icon_fk2.png",
                          "Plist": ""
                        },
                        "BlendFunc": {
                          "Src": 1,
                          "Dst": 771
                        },
                        "AnchorPoint": {
                          "ScaleX": 0.5,
                          "ScaleY": 0.5
                        },
                        "Position": {
                          "X": 89.7774,
                          "Y": 118.2185
                        },
                        "Scale": {
                          "ScaleX": 1.0,
                          "ScaleY": 1.0
                        },
                        "CColor": {},
                        "IconVisible": false,
                        "PrePosition": {
                          "X": 0.4988,
                          "Y": 0.514
                        },
                        "PreSize": {
                          "X": 0.6556,
                          "Y": 0.4522
                        },
                        "LeftMargin": 30.7774,
                        "RightMargin": 31.2226,
                        "TopMargin": 59.7815,
                        "BottomMargin": 66.2185,
                        "Tag": 155,
                        "ActionTag": -546499676,
                        "Size": {
                          "X": 118.0,
                          "Y": 104.0
                        },
                        "Name": "shop_icon_gold1_5",
                        "ctype": "SpriteObjectData"
                      },
                      {
                        "FileData": {
                          "Type": "Normal",
                          "Path": "shop/shop_icon_xx.png",
                          "Plist": ""
                        },
                        "BlendFunc": {
                          "Src": 1,
                          "Dst": 771
                        },
                        "AnchorPoint": {
                          "ScaleX": 0.5,
                          "ScaleY": 0.5
                        },
                        "Position": {
                          "X": 89.7774,
                          "Y": 120.0329
                        },
                        "Scale": {
                          "ScaleX": 1.0,
                          "ScaleY": 1.0
                        },
                        "CColor": {},
                        "IconVisible": false,
                        "PrePosition": {
                          "X": 0.4988,
                          "Y": 0.5219
                        },
                        "PreSize": {
                          "X": 0.55,
                          "Y": 0.3478
                        },
                        "LeftMargin": 40.2774,
                        "RightMargin": 40.7226,
                        "TopMargin": 69.9671,
                        "BottomMargin": 80.0329,
                        "Tag": 156,
                        "ActionTag": 679437603,
                        "Size": {
                          "X": 99.0,
                          "Y": 80.0
                        },
                        "Name": "shop_icon_xx_4",
                        "ctype": "SpriteObjectData"
                      }
                    ],
                    "ActionTag": -1651794409,
                    "Size": {
                      "X": 180.0,
                      "Y": 230.0
                    },
                    "Name": "btn_gold7",
                    "ctype": "ButtonObjectData"
                  },
                  {
                    "FontSize": 14,
                    "ButtonText": "Button",
                    "TextColor": {
                      "R": 65,
                      "G": 65,
                      "B": 70
                    },
                    "DisabledFileData": {
                      "Type": "Default",
                      "Path": "Default/Button_Disable.png",
                      "Plist": ""
                    },
                    "PressedFileData": {
                      "Type": "Normal",
                      "Path": "shop/shop_icon_di.png",
                      "Plist": ""
                    },
                    "NormalFileData": {
                      "Type": "Normal",
                      "Path": "shop/shop_icon_di.png",
                      "Plist": ""
                    },
                    "Scale9Enable": true,
                    "Scale9OriginX": 15,
                    "Scale9OriginY": 11,
                    "Scale9Width": 150,
                    "Scale9Height": 208,
                    "OutlineColor": {
                      "G": 0,
                      "B": 0
                    },
                    "ShadowColor": {
                      "R": 110,
                      "G": 110,
                      "B": 110
                    },
                    "ShadowOffsetX": 2.0,
                    "ShadowOffsetY": -2.0,
                    "TouchEnable": true,
                    "AnchorPoint": {
                      "ScaleX": 0.5,
                      "ScaleY": 0.5
                    },
                    "Position": {
                      "X": 107.3881,
                      "Y": 551.9745
                    },
                    "Scale": {
                      "ScaleX": 1.0,
                      "ScaleY": 1.0
                    },
                    "CColor": {},
                    "IconVisible": false,
                    "PrePosition": {
                      "X": 0.1678,
                      "Y": 0.7885
                    },
                    "PreSize": {
                      "X": 0.2812,
                      "Y": 0.3286
                    },
                    "LeftMargin": 17.3881,
                    "RightMargin": 442.6119,
                    "TopMargin": 33.0255,
                    "BottomMargin": 436.9745,
                    "Tag": 157,
                    "Children": [
                      {
                        "FileData": {
                          "Type": "Normal",
                          "Path": "shop/shop_icon_bule.png",
                          "Plist": ""
                        },
                        "BlendFunc": {
                          "Src": 1,
                          "Dst": 771
                        },
                        "AnchorPoint": {
                          "ScaleX": 0.5,
                          "ScaleY": 0.5
                        },
                        "Position": {
                          "X": 90.0,
                          "Y": 21.0
                        },
                        "Scale": {
                          "ScaleX": 1.0,
                          "ScaleY": 1.0
                        },
                        "CColor": {},
                        "IconVisible": false,
                        "PrePosition": {
                          "X": 0.5,
                          "Y": 0.0913
                        },
                        "PreSize": {
                          "X": 1.0,
                          "Y": 0.187
                        },
                        "TopMargin": 187.5,
                        "BottomMargin": -0.5,
                        "Tag": 158,
                        "ActionTag": 1279566447,
                        "Size": {
                          "X": 180.0,
                          "Y": 43.0
                        },
                        "Name": "shop_icon_bule_2",
                        "ctype": "SpriteObjectData"
                      },
                      {
                        "FileData": {
                          "Type": "Normal",
                          "Path": "shop/shop_icon_bule.png",
                          "Plist": ""
                        },
                        "BlendFunc": {
                          "Src": 1,
                          "Dst": 771
                        },
                        "AnchorPoint": {
                          "ScaleX": 0.5,
                          "ScaleY": 0.5
                        },
                        "Position": {
                          "X": 90.0,
                          "Y": 208.5057
                        },
                        "Scale": {
                          "ScaleX": 1.0,
                          "ScaleY": 1.0
                        },
                        "RotationSkewX": 180.0,
                        "RotationSkewY": 180.0,
                        "CColor": {},
                        "IconVisible": false,
                        "PrePosition": {
                          "X": 0.5,
                          "Y": 0.9065
                        },
                        "PreSize": {
                          "X": 1.0,
                          "Y": 0.187
                        },
                        "TopMargin": -0.0057,
                        "BottomMargin": 187.0057,
                        "Tag": 159,
                        "ActionTag": 1367240054,
                        "Size": {
                          "X": 180.0,
                          "Y": 43.0
                        },
                        "Name": "shop_icon_bule_2_0",
                        "ctype": "SpriteObjectData"
                      },
                      {
                        "FontSize": 36,
                        "LabelText": "1张",
                        "HorizontalAlignmentType": "HT_Center",
                        "OutlineColor": {
                          "G": 0,
                          "B": 0
                        },
                        "ShadowColor": {
                          "R": 110,
                          "G": 110,
                          "B": 110
                        },
                        "ShadowOffsetX": 2.0,
                        "ShadowOffsetY": -2.0,
                        "AnchorPoint": {
                          "ScaleX": 0.5,
                          "ScaleY": 0.5
                        },
                        "Position": {
                          "X": 93.3669,
                          "Y": 209.0304
                        },
                        "Scale": {
                          "ScaleX": 1.0,
                          "ScaleY": 1.0
                        },
                        "CColor": {},
                        "IconVisible": false,
                        "PrePosition": {
                          "X": 0.5187,
                          "Y": 0.9088
                        },
                        "PreSize": {
                          "X": 0.3,
                          "Y": 0.1565
                        },
                        "LeftMargin": 66.3669,
                        "RightMargin": 59.6331,
                        "TopMargin": 2.9696,
                        "BottomMargin": 191.0304,
                        "Tag": 160,
                        "ActionTag": -1925223867,
                        "Size": {
                          "X": 54.0,
                          "Y": 36.0
                        },
                        "Name": "lb_gold",
                        "ctype": "TextObjectData"
                      },
                      {
                        "FontSize": 30,
                        "LabelText": "1元",
                        "OutlineColor": {
                          "G": 0,
                          "B": 0
                        },
                        "ShadowColor": {
                          "R": 110,
                          "G": 110,
                          "B": 110
                        },
                        "ShadowOffsetX": 2.0,
                        "ShadowOffsetY": -2.0,
                        "AnchorPoint": {
                          "ScaleX": 0.5,
                          "ScaleY": 0.5
                        },
                        "Position": {
                          "X": 90.5772,
                          "Y": 23.4741
                        },
                        "Scale": {
                          "ScaleX": 1.0,
                          "ScaleY": 1.0
                        },
                        "CColor": {},
                        "IconVisible": false,
                        "PrePosition": {
                          "X": 0.5032,
                          "Y": 0.1021
                        },
                        "PreSize": {
                          "X": 0.25,
                          "Y": 0.1304
                        },
                        "LeftMargin": 68.0772,
                        "RightMargin": 66.9228,
                        "TopMargin": 191.5259,
                        "BottomMargin": 8.4741,
                        "Tag": 161,
                        "ActionTag": 453970552,
                        "Size": {
                          "X": 45.0,
                          "Y": 30.0
                        },
                        "Name": "lb_money",
                        "ctype": "TextObjectData"
                      },
                      {
                        "FileData": {
                          "Type": "Normal",
                          "Path": "shop/shopFk_icon_fk1.png",
                          "Plist": ""
                        },
                        "BlendFunc": {
                          "Src": 1,
                          "Dst": 771
                        },
                        "AnchorPoint": {
                          "ScaleX": 0.5,
                          "ScaleY": 0.5
                        },
                        "Position": {
                          "X": 89.7774,
                          "Y": 118.2185
                        },
                        "Scale": {
                          "ScaleX": 1.0,
                          "ScaleY": 1.0
                        },
                        "CColor": {},
                        "IconVisible": false,
                        "PrePosition": {
                          "X": 0.4988,
                          "Y": 0.514
                        },
                        "PreSize": {
                          "X": 0.5722,
                          "Y": 0.3174
                        },
                        "LeftMargin": 38.2774,
                        "RightMargin": 38.7226,
                        "TopMargin": 75.2815,
                        "BottomMargin": 81.7185,
                        "Tag": 162,
                        "ActionTag": -1502185032,
                        "Size": {
                          "X": 103.0,
                          "Y": 73.0
                        },
                        "Name": "shop_icon_gold1_5",
                        "ctype": "SpriteObjectData"
                      },
                      {
                        "FileData": {
                          "Type": "Normal",
                          "Path": "shop/shop_icon_xx.png",
                          "Plist": ""
                        },
                        "BlendFunc": {
                          "Src": 1,
                          "Dst": 771
                        },
                        "AnchorPoint": {
                          "ScaleX": 0.5769,
                          "ScaleY": 0.4598
                        },
                        "Position": {
                          "X": 99.3376,
                          "Y": 116.8146
                        },
                        "Scale": {
                          "ScaleX": 1.0,
                          "ScaleY": 1.0
                        },
                        "CColor": {},
                        "IconVisible": false,
                        "PrePosition": {
                          "X": 0.5519,
                          "Y": 0.5079
                        },
                        "PreSize": {
                          "X": 0.55,
                          "Y": 0.3478
                        },
                        "LeftMargin": 42.2245,
                        "RightMargin": 38.7755,
                        "TopMargin": 69.9694,
                        "BottomMargin": 80.0306,
                        "Tag": 163,
                        "ActionTag": 76011302,
                        "Size": {
                          "X": 99.0,
                          "Y": 80.0
                        },
                        "Name": "shop_icon_xx_4",
                        "ctype": "SpriteObjectData"
                      }
                    ],
                    "ActionTag": -1442838578,
                    "Size": {
                      "X": 180.0,
                      "Y": 230.0
                    },
                    "Name": "btn_gold6",
                    "ctype": "ButtonObjectData"
                  }
                ],
                "ActionTag": -200075393,
                "Size": {
                  "X": 640.0,
                  "Y": 700.0
                },
                "Name": "ScrollView_1",
                "ctype": "ScrollViewObjectData"
              }
            ],
            "ActionTag": -1763065643,
            "Size": {
              "X": 640.0,
              "Y": 700.0
            },
            "Name": "Panel_1",
            "ctype": "PanelObjectData"
          }
        ],
        "Size": {
          "X": 640.0,
          "Y": 700.0
        },
        "Name": "Layer",
        "ctype": "LayerObjectData"
      },
      "UsedResources": [
        "Default/Button_Disable.png",
        "shop/shop_icon_bg.png",
        "shop/shop_icon_bule.png",
        "shop/shop_icon_di.png",
        "shop/shop_icon_xx.png",
        "shop/shopFk_icon_fk1.png",
        "shop/shopFk_icon_fk2.png",
        "shop/shopFk_icon_fk3.png",
        "shop/shopFk_icon_laba.png"
      ],
      "ctype": "GameFileData"
    }
  },
  "Type": "Layer"
}