{
  "ID": "b4bdceff-55b7-4a6c-953b-3f5c27555517",
  "Version": "3.10.0.0",
  "Name": "message",
  "Content": {
    "Content": {
      "Animation": {
        "Duration": 0,
        "Speed": 1.0,
        "Timelines": [],
        "ctype": "TimelineActionData"
      },
      "AnimationList": [],
      "ObjectData": {
        "Tag": 3,
        "Children": [
          {
            "ClipAble": false,
            "BackColorAlpha": 102,
            "ComboBoxIndex": 1,
            "SingleColor": {
              "R": 150,
              "G": 200
            },
            "FirstColor": {
              "R": 150,
              "G": 200
            },
            "EndColor": {},
            "ColorVector": {
              "ScaleY": 1.0
            },
            "Scale9Width": 1,
            "Scale9Height": 1,
            "TouchEnable": true,
            "AnchorPoint": {},
            "Position": {
              "X": 81.7443,
              "Y": 326.7191
            },
            "Scale": {
              "ScaleX": 1.0,
              "ScaleY": 1.0
            },
            "CColor": {},
            "IconVisible": false,
            "PrePosition": {
              "X": 0.1277,
              "Y": 0.3148
            },
            "PreSize": {
              "X": 0.7813,
              "Y": 0.289
            },
            "HorizontalEdge": "LeftEdge",
            "LeftMargin": 81.7443,
            "RightMargin": 58.2557,
            "TopMargin": 411.2809,
            "BottomMargin": 326.7191,
            "Tag": 7,
            "Children": [
              {
                "FontSize": 22,
                "ButtonText": "确定",
                "TextColor": {},
                "DisabledFileData": {
                  "Type": "Default",
                  "Path": "Default/Button_Disable.png",
                  "Plist": ""
                },
                "PressedFileData": {
                  "Type": "Default",
                  "Path": "Default/Button_Press.png",
                  "Plist": ""
                },
                "NormalFileData": {
                  "Type": "Normal",
                  "Path": "userCenter/Dicon_0.png",
                  "Plist": ""
                },
                "Scale9Enable": true,
                "Scale9OriginX": 15,
                "Scale9OriginY": 11,
                "Scale9Width": 104,
                "Scale9Height": 14,
                "OutlineColor": {
                  "G": 0,
                  "B": 0
                },
                "ShadowColor": {
                  "R": 110,
                  "G": 110,
                  "B": 110
                },
                "ShadowOffsetX": 2.0,
                "ShadowOffsetY": -2.0,
                "TouchEnable": true,
                "AnchorPoint": {
                  "ScaleX": 0.5,
                  "ScaleY": 0.5
                },
                "Position": {
                  "X": 254.2631,
                  "Y": 31.6194
                },
                "Scale": {
                  "ScaleX": 1.0,
                  "ScaleY": 1.0
                },
                "CColor": {},
                "IconVisible": false,
                "PrePosition": {
                  "X": 0.5085,
                  "Y": 0.1054
                },
                "PreSize": {
                  "X": 0.268,
                  "Y": 0.12
                },
                "LeftMargin": 187.2631,
                "RightMargin": 178.7369,
                "TopMargin": 250.3806,
                "BottomMargin": 13.6194,
                "Tag": 8,
                "ActionTag": -1395317969,
                "Size": {
                  "X": 134.0,
                  "Y": 36.0
                },
                "Name": "btn_ok",
                "ctype": "ButtonObjectData"
              }
            ],
            "ActionTag": -3569091,
            "Size": {
              "X": 500.0,
              "Y": 300.0
            },
            "Name": "Panel_2",
            "ctype": "PanelObjectData"
          },
          {
            "IsCustomSize": true,
            "FontSize": 20,
            "LabelText": "",
            "HorizontalAlignmentType": "HT_Center",
            "VerticalAlignmentType": "VT_Center",
            "OutlineColor": {
              "G": 0,
              "B": 0
            },
            "ShadowColor": {
              "R": 110,
              "G": 110,
              "B": 110
            },
            "ShadowOffsetX": 2.0,
            "ShadowOffsetY": -2.0,
            "AnchorPoint": {
              "ScaleX": 0.5,
              "ScaleY": 0.5
            },
            "Position": {
              "X": 334.4539,
              "Y": 474.8394
            },
            "Scale": {
              "ScaleX": 1.0,
              "ScaleY": 1.0
            },
            "CColor": {},
            "IconVisible": false,
            "PrePosition": {
              "X": 0.5226,
              "Y": 0.4575
            },
            "PreSize": {
              "X": 0.625,
              "Y": 0.1927
            },
            "LeftMargin": 134.4539,
            "RightMargin": 105.5461,
            "TopMargin": 463.1606,
            "BottomMargin": 374.8394,
            "Tag": 6,
            "ActionTag": -2111658399,
            "Size": {
              "X": 400.0,
              "Y": 200.0
            },
            "Name": "Text_1",
            "ctype": "TextObjectData"
          },
          {
            "FileData": {
              "Type": "Normal",
              "Path": "tips/tips_top.png",
              "Plist": ""
            },
            "BlendFunc": {
              "Src": 1,
              "Dst": 771
            },
            "AnchorPoint": {
              "ScaleX": 0.5,
              "ScaleY": 0.5
            },
            "Position": {
              "X": 331.4327,
              "Y": 607.3087
            },
            "Scale": {
              "ScaleX": 0.8716,
              "ScaleY": 1.0
            },
            "CColor": {},
            "IconVisible": false,
            "PrePosition": {
              "X": 0.5179,
              "Y": 0.5851
            },
            "PreSize": {
              "X": 0.9,
              "Y": 0.0645
            },
            "LeftMargin": 43.4327,
            "RightMargin": 20.5673,
            "TopMargin": 397.1913,
            "BottomMargin": 573.8087,
            "Tag": 788,
            "ActionTag": -1714754431,
            "Size": {
              "X": 576.0,
              "Y": 67.0
            },
            "Name": "tips_top_1",
            "ctype": "SpriteObjectData"
          },
          {
            "FontSize": 40,
            "LabelText": "提示",
            "OutlineColor": {
              "G": 0,
              "B": 0
            },
            "ShadowColor": {
              "R": 110,
              "G": 110,
              "B": 110
            },
            "ShadowOffsetX": 2.0,
            "ShadowOffsetY": -2.0,
            "AnchorPoint": {
              "ScaleX": 0.5,
              "ScaleY": 0.5
            },
            "Position": {
              "X": 341.3872,
              "Y": 602.1507
            },
            "Scale": {
              "ScaleX": 1.0,
              "ScaleY": 1.0
            },
            "CColor": {},
            "IconVisible": false,
            "PrePosition": {
              "X": 0.5334,
              "Y": 0.5801
            },
            "PreSize": {
              "X": 0.125,
              "Y": 0.0385
            },
            "LeftMargin": 301.3872,
            "RightMargin": 258.6128,
            "TopMargin": 415.8493,
            "BottomMargin": 582.1507,
            "Tag": 787,
            "ActionTag": -1326096635,
            "Size": {
              "X": 80.0,
              "Y": 40.0
            },
            "Name": "Text_2",
            "ctype": "TextObjectData"
          }
        ],
        "Size": {
          "X": 640.0,
          "Y": 1038.0
        },
        "Name": "Layer",
        "ctype": "LayerObjectData"
      },
      "UsedResources": [
        "Default/Button_Disable.png",
        "Default/Button_Press.png",
        "tips/tips_top.png",
        "userCenter/Dicon_0.png"
      ],
      "ctype": "GameFileData"
    }
  },
  "Type": "Layer"
}