{
  "ID": "65136b32-2a04-4135-88fe-c0798000d182",
  "Version": "3.10.0.0",
  "Name": "niuniured",
  "Content": {
    "Content": {
      "Animation": {
        "Duration": 0,
        "Speed": 1.0,
        "Timelines": [],
        "ctype": "TimelineActionData"
      },
      "AnimationList": [],
      "ObjectData": {
        "Tag": 26,
        "Children": [
          {
            "ClipAble": false,
            "ComboBoxIndex": 1,
            "SingleColor": {
              "R": 137,
              "G": 70,
              "B": 251
            },
            "FirstColor": {
              "R": 150,
              "G": 200
            },
            "EndColor": {},
            "ColorVector": {
              "ScaleY": 1.0
            },
            "Scale9OriginX": -211,
            "Scale9OriginY": -37,
            "Scale9Width": 422,
            "Scale9Height": 74,
            "TouchEnable": true,
            "AnchorPoint": {},
            "Position": {
              "X": 0.0,
              "Y": 1.8109
            },
            "Scale": {
              "ScaleX": 1.0,
              "ScaleY": 1.0
            },
            "CColor": {},
            "IconVisible": false,
            "PrePosition": {
              "X": 0.0,
              "Y": 0.0017
            },
            "PreSize": {
              "X": 1.0,
              "Y": 1.0
            },
            "TopMargin": -1.8109,
            "BottomMargin": 1.8109,
            "Tag": 27,
            "Children": [
              {
                "DirectionType": "Vertical",
                "ScrollDirectionType": 0,
                "ClipAble": true,
                "FileData": {
                  "Type": "Normal",
                  "Path": "userCenter/redBag_bg.png",
                  "Plist": ""
                },
                "ComboBoxIndex": 1,
                "SingleColor": {},
                "FirstColor": {
                  "R": 150,
                  "G": 150
                },
                "EndColor": {},
                "ColorVector": {
                  "ScaleY": 1.0
                },
                "Scale9OriginX": 211,
                "Scale9OriginY": 342,
                "Scale9Width": 218,
                "Scale9Height": 354,
                "TouchEnable": true,
                "AnchorPoint": {},
                "Position": {
                  "X": 0.0,
                  "Y": 0.0
                },
                "Scale": {
                  "ScaleX": 1.0,
                  "ScaleY": 1.0
                },
                "CColor": {},
                "IconVisible": false,
                "PrePosition": {
                  "X": 0.0,
                  "Y": 0.0
                },
                "PreSize": {
                  "X": 1.0,
                  "Y": 0.9518
                },
                "TopMargin": 50.0,
                "Tag": 33,
                "Children": [
                  {
                    "ClipAble": false,
                    "BackColorAlpha": 0,
                    "ComboBoxIndex": 1,
                    "SingleColor": {
                      "R": 150,
                      "G": 200
                    },
                    "FirstColor": {
                      "R": 150,
                      "G": 200
                    },
                    "EndColor": {},
                    "ColorVector": {
                      "ScaleY": 1.0
                    },
                    "Scale9Width": 1,
                    "Scale9Height": 1,
                    "TouchEnable": true,
                    "AnchorPoint": {},
                    "Position": {
                      "X": 0.0,
                      "Y": 908.0
                    },
                    "Scale": {
                      "ScaleX": 1.0,
                      "ScaleY": 1.0
                    },
                    "CColor": {},
                    "IconVisible": false,
                    "PrePosition": {
                      "X": 0.0,
                      "Y": 0.919
                    },
                    "PreSize": {
                      "X": 0.3125,
                      "Y": 0.081
                    },
                    "RightMargin": 440.0,
                    "BottomMargin": 908.0,
                    "Tag": 41,
                    "ActionTag": -178506464,
                    "Size": {
                      "X": 200.0,
                      "Y": 80.0
                    },
                    "Name": "s",
                    "ctype": "PanelObjectData"
                  },
                  {
                    "ClipAble": false,
                    "SingleColor": {
                      "R": 150,
                      "G": 200
                    },
                    "FirstColor": {
                      "R": 150,
                      "G": 200
                    },
                    "EndColor": {},
                    "ColorVector": {
                      "ScaleY": 1.0
                    },
                    "Scale9Width": 1,
                    "Scale9Height": 1,
                    "TouchEnable": true,
                    "AnchorPoint": {},
                    "Position": {
                      "X": 0.0,
                      "Y": 833.0
                    },
                    "Scale": {
                      "ScaleX": 1.0,
                      "ScaleY": 1.0
                    },
                    "CColor": {},
                    "IconVisible": false,
                    "PrePosition": {
                      "X": 0.0,
                      "Y": 0.8431
                    },
                    "PreSize": {
                      "X": 1.0,
                      "Y": 0.0759
                    },
                    "TopMargin": 80.0,
                    "BottomMargin": 833.0,
                    "Tag": 42,
                    "Children": [
                      {
                        "ClipAble": false,
                        "FileData": {
                          "Type": "Normal",
                          "Path": "userCenter/redBag_icon_baiD.png",
                          "Plist": ""
                        },
                        "ComboBoxIndex": 1,
                        "SingleColor": {},
                        "FirstColor": {
                          "R": 150,
                          "G": 200
                        },
                        "EndColor": {},
                        "ColorVector": {
                          "ScaleY": 1.0
                        },
                        "Scale9OriginX": 187,
                        "Scale9OriginY": 28,
                        "Scale9Width": 195,
                        "Scale9Height": 29,
                        "TouchEnable": true,
                        "AnchorPoint": {},
                        "Position": {
                          "X": 36.0,
                          "Y": 0.0
                        },
                        "Scale": {
                          "ScaleX": 1.0,
                          "ScaleY": 1.0
                        },
                        "CColor": {},
                        "IconVisible": false,
                        "PrePosition": {
                          "X": 0.0562,
                          "Y": 0.0
                        },
                        "PreSize": {
                          "X": 0.8906,
                          "Y": 1.0
                        },
                        "LeftMargin": 36.0,
                        "RightMargin": 34.0,
                        "Tag": 28,
                        "Children": [
                          {
                            "FontSize": 36,
                            "LabelText": "金额",
                            "OutlineColor": {
                              "G": 0,
                              "B": 0
                            },
                            "ShadowColor": {
                              "R": 110,
                              "G": 110,
                              "B": 110
                            },
                            "ShadowOffsetX": 2.0,
                            "ShadowOffsetY": -2.0,
                            "AnchorPoint": {
                              "ScaleX": 0.5,
                              "ScaleY": 0.5
                            },
                            "Position": {
                              "X": 61.802,
                              "Y": 36.5184
                            },
                            "Scale": {
                              "ScaleX": 1.0,
                              "ScaleY": 1.0
                            },
                            "CColor": {
                              "R": 0,
                              "G": 0,
                              "B": 0
                            },
                            "IconVisible": false,
                            "PrePosition": {
                              "X": 0.1084,
                              "Y": 0.4869
                            },
                            "PreSize": {
                              "X": 0.1263,
                              "Y": 0.48
                            },
                            "LeftMargin": 25.802,
                            "RightMargin": 472.198,
                            "TopMargin": 20.4816,
                            "BottomMargin": 18.5184,
                            "Tag": 31,
                            "ActionTag": -1831098276,
                            "Size": {
                              "X": 72.0,
                              "Y": 36.0
                            },
                            "Name": "Text_1",
                            "ctype": "TextObjectData"
                          },
                          {
                            "IsCustomSize": true,
                            "FontSize": 36,
                            "LabelText": "0.00",
                            "HorizontalAlignmentType": "HT_Right",
                            "OutlineColor": {
                              "G": 0,
                              "B": 0
                            },
                            "ShadowColor": {
                              "R": 110,
                              "G": 110,
                              "B": 110
                            },
                            "ShadowOffsetX": 2.0,
                            "ShadowOffsetY": -2.0,
                            "AnchorPoint": {
                              "ScaleX": 1.0,
                              "ScaleY": 0.5
                            },
                            "Position": {
                              "X": 481.2922,
                              "Y": 39.4983
                            },
                            "Scale": {
                              "ScaleX": 1.0,
                              "ScaleY": 1.0
                            },
                            "CColor": {
                              "R": 0,
                              "G": 0,
                              "B": 0
                            },
                            "IconVisible": false,
                            "PrePosition": {
                              "X": 0.8444,
                              "Y": 0.5266
                            },
                            "PreSize": {
                              "X": 0.5263,
                              "Y": 0.48
                            },
                            "LeftMargin": 181.2922,
                            "RightMargin": 88.7078,
                            "TopMargin": 17.5017,
                            "BottomMargin": 21.4983,
                            "Tag": 34,
                            "ActionTag": 974459663,
                            "Size": {
                              "X": 300.0,
                              "Y": 36.0
                            },
                            "Name": "ft_money",
                            "ctype": "TextObjectData"
                          },
                          {
                            "FontSize": 36,
                            "LabelText": "元",
                            "OutlineColor": {
                              "G": 0,
                              "B": 0
                            },
                            "ShadowColor": {
                              "R": 110,
                              "G": 110,
                              "B": 110
                            },
                            "ShadowOffsetX": 2.0,
                            "ShadowOffsetY": -2.0,
                            "AnchorPoint": {
                              "ScaleX": 0.5,
                              "ScaleY": 0.5
                            },
                            "Position": {
                              "X": 518.1419,
                              "Y": 40.5854
                            },
                            "Scale": {
                              "ScaleX": 1.0,
                              "ScaleY": 1.0
                            },
                            "CColor": {
                              "R": 0,
                              "G": 0,
                              "B": 0
                            },
                            "IconVisible": false,
                            "PrePosition": {
                              "X": 0.909,
                              "Y": 0.5411
                            },
                            "PreSize": {
                              "X": 0.0632,
                              "Y": 0.48
                            },
                            "LeftMargin": 500.1419,
                            "RightMargin": 33.8581,
                            "TopMargin": 16.4146,
                            "BottomMargin": 22.5854,
                            "Tag": 35,
                            "ActionTag": 376813329,
                            "Size": {
                              "X": 36.0,
                              "Y": 36.0
                            },
                            "Name": "Text_3",
                            "ctype": "TextObjectData"
                          }
                        ],
                        "ActionTag": -1486283868,
                        "ZOrder": 2,
                        "Size": {
                          "X": 570.0,
                          "Y": 75.0
                        },
                        "Name": "btn_1",
                        "ctype": "PanelObjectData"
                      }
                    ],
                    "ActionTag": 890612356,
                    "ZOrder": 1,
                    "Size": {
                      "X": 640.0,
                      "Y": 75.0
                    },
                    "Name": "p_1",
                    "ctype": "PanelObjectData"
                  },
                  {
                    "ClipAble": false,
                    "BackColorAlpha": 0,
                    "ComboBoxIndex": 1,
                    "SingleColor": {
                      "R": 150,
                      "G": 200
                    },
                    "FirstColor": {
                      "R": 150,
                      "G": 200
                    },
                    "EndColor": {},
                    "ColorVector": {
                      "ScaleY": 1.0
                    },
                    "Scale9Width": 1,
                    "Scale9Height": 1,
                    "TouchEnable": true,
                    "AnchorPoint": {},
                    "Position": {
                      "X": 0.0,
                      "Y": 783.0
                    },
                    "Scale": {
                      "ScaleX": 1.0,
                      "ScaleY": 1.0
                    },
                    "CColor": {},
                    "IconVisible": false,
                    "PrePosition": {
                      "X": 0.0,
                      "Y": 0.7925
                    },
                    "PreSize": {
                      "X": 0.3125,
                      "Y": 0.0506
                    },
                    "RightMargin": 440.0,
                    "TopMargin": 155.0,
                    "BottomMargin": 783.0,
                    "Tag": 44,
                    "ActionTag": 1847424794,
                    "ZOrder": 2,
                    "Size": {
                      "X": 200.0,
                      "Y": 50.0
                    },
                    "Name": "s1",
                    "ctype": "PanelObjectData"
                  },
                  {
                    "ClipAble": false,
                    "SingleColor": {
                      "R": 150,
                      "G": 200
                    },
                    "FirstColor": {
                      "R": 150,
                      "G": 200
                    },
                    "EndColor": {},
                    "ColorVector": {
                      "ScaleY": 1.0
                    },
                    "Scale9Width": 1,
                    "Scale9Height": 1,
                    "TouchEnable": true,
                    "AnchorPoint": {},
                    "Position": {
                      "X": 0.0,
                      "Y": 708.0
                    },
                    "Scale": {
                      "ScaleX": 1.0,
                      "ScaleY": 1.0
                    },
                    "CColor": {},
                    "IconVisible": false,
                    "PrePosition": {
                      "X": 0.0,
                      "Y": 0.7166
                    },
                    "PreSize": {
                      "X": 1.0,
                      "Y": 0.0759
                    },
                    "TopMargin": 205.0,
                    "BottomMargin": 708.0,
                    "Tag": 45,
                    "Children": [
                      {
                        "ClipAble": false,
                        "FileData": {
                          "Type": "Normal",
                          "Path": "userCenter/redBag_icon_baiD.png",
                          "Plist": ""
                        },
                        "ComboBoxIndex": 1,
                        "SingleColor": {},
                        "FirstColor": {
                          "R": 150,
                          "G": 200
                        },
                        "EndColor": {},
                        "ColorVector": {
                          "ScaleY": 1.0
                        },
                        "Scale9OriginX": 187,
                        "Scale9OriginY": 28,
                        "Scale9Width": 195,
                        "Scale9Height": 29,
                        "TouchEnable": true,
                        "AnchorPoint": {},
                        "Position": {
                          "X": 36.0,
                          "Y": 0.0
                        },
                        "Scale": {
                          "ScaleX": 1.0,
                          "ScaleY": 1.0
                        },
                        "CColor": {},
                        "IconVisible": false,
                        "PrePosition": {
                          "X": 0.0562,
                          "Y": 0.0
                        },
                        "PreSize": {
                          "X": 0.8906,
                          "Y": 1.0
                        },
                        "LeftMargin": 36.0,
                        "RightMargin": 34.0,
                        "Tag": 46,
                        "Children": [
                          {
                            "FontSize": 36,
                            "LabelText": "包数",
                            "OutlineColor": {
                              "G": 0,
                              "B": 0
                            },
                            "ShadowColor": {
                              "R": 110,
                              "G": 110,
                              "B": 110
                            },
                            "ShadowOffsetX": 2.0,
                            "ShadowOffsetY": -2.0,
                            "AnchorPoint": {
                              "ScaleX": 0.5,
                              "ScaleY": 0.5
                            },
                            "Position": {
                              "X": 61.802,
                              "Y": 36.5184
                            },
                            "Scale": {
                              "ScaleX": 1.0,
                              "ScaleY": 1.0
                            },
                            "CColor": {
                              "R": 0,
                              "G": 0,
                              "B": 0
                            },
                            "IconVisible": false,
                            "PrePosition": {
                              "X": 0.1084,
                              "Y": 0.4869
                            },
                            "PreSize": {
                              "X": 0.1263,
                              "Y": 0.48
                            },
                            "LeftMargin": 25.802,
                            "RightMargin": 472.198,
                            "TopMargin": 20.4816,
                            "BottomMargin": 18.5184,
                            "Tag": 47,
                            "ActionTag": 1074972583,
                            "Size": {
                              "X": 72.0,
                              "Y": 36.0
                            },
                            "Name": "Text_1",
                            "ctype": "TextObjectData"
                          },
                          {
                            "IsCustomSize": true,
                            "FontSize": 36,
                            "LabelText": "5",
                            "HorizontalAlignmentType": "HT_Right",
                            "OutlineColor": {
                              "G": 0,
                              "B": 0
                            },
                            "ShadowColor": {
                              "R": 110,
                              "G": 110,
                              "B": 110
                            },
                            "ShadowOffsetX": 2.0,
                            "ShadowOffsetY": -2.0,
                            "AnchorPoint": {
                              "ScaleX": 0.5,
                              "ScaleY": 0.5
                            },
                            "Position": {
                              "X": 476.332,
                              "Y": 40.1722
                            },
                            "Scale": {
                              "ScaleX": 1.0,
                              "ScaleY": 1.0
                            },
                            "CColor": {
                              "R": 0,
                              "G": 0,
                              "B": 0
                            },
                            "IconVisible": false,
                            "PrePosition": {
                              "X": 0.8357,
                              "Y": 0.5356
                            },
                            "PreSize": {
                              "X": 0.0316,
                              "Y": 0.48
                            },
                            "LeftMargin": 467.332,
                            "RightMargin": 84.668,
                            "TopMargin": 16.8278,
                            "BottomMargin": 22.1722,
                            "Tag": 48,
                            "ActionTag": 1168090166,
                            "Size": {
                              "X": 18.0,
                              "Y": 36.0
                            },
                            "Name": "ft_num",
                            "ctype": "TextObjectData"
                          },
                          {
                            "FontSize": 36,
                            "LabelText": "个",
                            "OutlineColor": {
                              "G": 0,
                              "B": 0
                            },
                            "ShadowColor": {
                              "R": 110,
                              "G": 110,
                              "B": 110
                            },
                            "ShadowOffsetX": 2.0,
                            "ShadowOffsetY": -2.0,
                            "AnchorPoint": {
                              "ScaleX": 0.5,
                              "ScaleY": 0.5
                            },
                            "Position": {
                              "X": 518.1419,
                              "Y": 40.5854
                            },
                            "Scale": {
                              "ScaleX": 1.0,
                              "ScaleY": 1.0
                            },
                            "CColor": {
                              "R": 0,
                              "G": 0,
                              "B": 0
                            },
                            "IconVisible": false,
                            "PrePosition": {
                              "X": 0.909,
                              "Y": 0.5411
                            },
                            "PreSize": {
                              "X": 0.0632,
                              "Y": 0.48
                            },
                            "LeftMargin": 500.1419,
                            "RightMargin": 33.8581,
                            "TopMargin": 16.4146,
                            "BottomMargin": 22.5854,
                            "Tag": 49,
                            "ActionTag": -2113152522,
                            "Size": {
                              "X": 36.0,
                              "Y": 36.0
                            },
                            "Name": "Text_3",
                            "ctype": "TextObjectData"
                          }
                        ],
                        "ActionTag": -823499119,
                        "ZOrder": 2,
                        "Size": {
                          "X": 570.0,
                          "Y": 75.0
                        },
                        "Name": "btn_2",
                        "ctype": "PanelObjectData"
                      }
                    ],
                    "ActionTag": 79230671,
                    "ZOrder": 3,
                    "Size": {
                      "X": 640.0,
                      "Y": 75.0
                    },
                    "Name": "p_2",
                    "ctype": "PanelObjectData"
                  },
                  {
                    "ClipAble": false,
                    "BackColorAlpha": 102,
                    "SingleColor": {
                      "R": 150,
                      "G": 200
                    },
                    "FirstColor": {
                      "R": 150,
                      "G": 200
                    },
                    "EndColor": {},
                    "ColorVector": {
                      "ScaleY": 1.0
                    },
                    "Scale9Width": 1,
                    "Scale9Height": 1,
                    "TouchEnable": true,
                    "AnchorPoint": {},
                    "Position": {
                      "X": 0.0,
                      "Y": 658.0
                    },
                    "Scale": {
                      "ScaleX": 1.0,
                      "ScaleY": 1.0
                    },
                    "CColor": {},
                    "IconVisible": false,
                    "PrePosition": {
                      "X": 0.0,
                      "Y": 0.666
                    },
                    "PreSize": {
                      "X": 0.3125,
                      "Y": 0.0506
                    },
                    "RightMargin": 440.0,
                    "TopMargin": 280.0,
                    "BottomMargin": 658.0,
                    "Tag": 50,
                    "ActionTag": -2088598623,
                    "ZOrder": 4,
                    "Size": {
                      "X": 200.0,
                      "Y": 50.0
                    },
                    "Name": "s2",
                    "ctype": "PanelObjectData"
                  },
                  {
                    "ClipAble": false,
                    "BackColorAlpha": 102,
                    "SingleColor": {
                      "R": 150,
                      "G": 200
                    },
                    "FirstColor": {
                      "R": 150,
                      "G": 200
                    },
                    "EndColor": {},
                    "ColorVector": {
                      "ScaleY": 1.0
                    },
                    "Scale9Width": 1,
                    "Scale9Height": 1,
                    "TouchEnable": true,
                    "AnchorPoint": {},
                    "Position": {
                      "X": 0.0,
                      "Y": 458.0
                    },
                    "Scale": {
                      "ScaleX": 1.0,
                      "ScaleY": 1.0
                    },
                    "CColor": {},
                    "IconVisible": false,
                    "PrePosition": {
                      "X": 0.0,
                      "Y": 0.4636
                    },
                    "PreSize": {
                      "X": 1.0,
                      "Y": 0.2024
                    },
                    "TopMargin": 330.0,
                    "BottomMargin": 458.0,
                    "Tag": 57,
                    "Children": [
                      {
                        "FontSize": 48,
                        "ButtonText": "确定",
                        "TextColor": {},
                        "DisabledFileData": {
                          "Type": "Default",
                          "Path": "Default/Button_Disable.png",
                          "Plist": ""
                        },
                        "PressedFileData": {
                          "Type": "Normal",
                          "Path": "userCenter/redBag_disi.png",
                          "Plist": ""
                        },
                        "NormalFileData": {
                          "Type": "Normal",
                          "Path": "userCenter/redBag_disi.png",
                          "Plist": ""
                        },
                        "Scale9Enable": true,
                        "Scale9OriginX": 15,
                        "Scale9OriginY": 11,
                        "Scale9Width": 514,
                        "Scale9Height": 63,
                        "OutlineColor": {
                          "G": 0,
                          "B": 0
                        },
                        "ShadowColor": {
                          "R": 110,
                          "G": 110,
                          "B": 110
                        },
                        "ShadowOffsetX": 2.0,
                        "ShadowOffsetY": -2.0,
                        "TouchEnable": true,
                        "AnchorPoint": {
                          "ScaleX": 0.5,
                          "ScaleY": 0.5
                        },
                        "Position": {
                          "X": 326.4433,
                          "Y": 103.1312
                        },
                        "Scale": {
                          "ScaleX": 1.0,
                          "ScaleY": 1.0
                        },
                        "CColor": {},
                        "IconVisible": false,
                        "PrePosition": {
                          "X": 0.5101,
                          "Y": 0.5157
                        },
                        "PreSize": {
                          "X": 0.85,
                          "Y": 0.425
                        },
                        "LeftMargin": 54.4433,
                        "RightMargin": 41.5567,
                        "TopMargin": 54.3688,
                        "BottomMargin": 60.6312,
                        "Tag": 58,
                        "ActionTag": -1698342781,
                        "Size": {
                          "X": 544.0,
                          "Y": 85.0
                        },
                        "Name": "btn_send",
                        "ctype": "ButtonObjectData"
                      }
                    ],
                    "ActionTag": -762054977,
                    "ZOrder": 5,
                    "Size": {
                      "X": 640.0,
                      "Y": 200.0
                    },
                    "Name": "s3",
                    "ctype": "PanelObjectData"
                  }
                ],
                "ActionTag": -493156671,
                "Size": {
                  "X": 640.0,
                  "Y": 988.0
                },
                "Name": "ListView_1",
                "ctype": "ListViewObjectData"
              },
              {
                "FontSize": 36,
                "LabelText": "发红包",
                "OutlineColor": {
                  "G": 0,
                  "B": 0
                },
                "ShadowColor": {
                  "R": 110,
                  "G": 110,
                  "B": 110
                },
                "ShadowOffsetX": 2.0,
                "ShadowOffsetY": -2.0,
                "AnchorPoint": {
                  "ScaleX": 0.5,
                  "ScaleY": 0.5
                },
                "Position": {
                  "X": 318.2842,
                  "Y": 1011.7938
                },
                "Scale": {
                  "ScaleX": 1.0,
                  "ScaleY": 1.0
                },
                "CColor": {},
                "IconVisible": false,
                "PrePosition": {
                  "X": 0.4973,
                  "Y": 0.9748
                },
                "PreSize": {
                  "X": 0.1688,
                  "Y": 0.0347
                },
                "LeftMargin": 264.2842,
                "RightMargin": 267.7158,
                "TopMargin": 8.2062,
                "BottomMargin": 993.7938,
                "Tag": 39,
                "ActionTag": -22601065,
                "Size": {
                  "X": 108.0,
                  "Y": 36.0
                },
                "Name": "ft_title",
                "ctype": "TextObjectData"
              },
              {
                "FontSize": 14,
                "ButtonText": "",
                "TextColor": {
                  "R": 65,
                  "G": 65,
                  "B": 70
                },
                "DisabledFileData": {
                  "Type": "Default",
                  "Path": "Default/Button_Disable.png",
                  "Plist": ""
                },
                "PressedFileData": {
                  "Type": "Normal",
                  "Path": "userCenter/Dicon_back.png",
                  "Plist": ""
                },
                "NormalFileData": {
                  "Type": "Normal",
                  "Path": "userCenter/Dicon_back.png",
                  "Plist": ""
                },
                "Scale9Enable": true,
                "Scale9OriginX": 5,
                "Scale9OriginY": 11,
                "Scale9Width": 8,
                "Scale9Height": 9,
                "OutlineColor": {
                  "G": 0,
                  "B": 0
                },
                "ShadowColor": {
                  "R": 110,
                  "G": 110,
                  "B": 110
                },
                "ShadowOffsetX": 2.0,
                "ShadowOffsetY": -2.0,
                "TouchEnable": true,
                "AnchorPoint": {
                  "ScaleX": 0.5,
                  "ScaleY": 0.5
                },
                "Position": {
                  "X": 44.2597,
                  "Y": 1013.1111
                },
                "Scale": {
                  "ScaleX": 1.0,
                  "ScaleY": 1.0
                },
                "CColor": {},
                "IconVisible": false,
                "PrePosition": {
                  "X": 0.0692,
                  "Y": 0.976
                },
                "PreSize": {
                  "X": 0.0281,
                  "Y": 0.0299
                },
                "LeftMargin": 35.2597,
                "RightMargin": 586.7403,
                "TopMargin": 9.3889,
                "BottomMargin": 997.6111,
                "Tag": 40,
                "ActionTag": 1474993491,
                "Size": {
                  "X": 18.0,
                  "Y": 31.0
                },
                "Name": "btn_back",
                "ctype": "ButtonObjectData"
              }
            ],
            "ActionTag": 1509039992,
            "Size": {
              "X": 640.0,
              "Y": 1038.0
            },
            "Name": "Panel_1",
            "ctype": "PanelObjectData"
          }
        ],
        "Size": {
          "X": 640.0,
          "Y": 1038.0
        },
        "Name": "Layer",
        "ctype": "LayerObjectData"
      },
      "UsedResources": [
        "Default/Button_Disable.png",
        "userCenter/Dicon_back.png",
        "userCenter/redBag_bg.png",
        "userCenter/redBag_disi.png",
        "userCenter/redBag_icon_baiD.png"
      ],
      "ctype": "GameFileData"
    }
  },
  "Type": "Layer"
}