{
  "ID": "2a3c240d-4d3c-4332-bd86-2c53476bfbd5",
  "Version": "3.10.0.0",
  "Name": "redover",
  "Content": {
    "Content": {
      "Animation": {
        "Duration": 0,
        "Speed": 1.0,
        "Timelines": [],
        "ctype": "TimelineActionData"
      },
      "AnimationList": [],
      "ObjectData": {
        "Tag": 72,
        "Children": [
          {
            "ClipAble": false,
            "BackColorAlpha": 0,
            "ComboBoxIndex": 1,
            "SingleColor": {
              "R": 150,
              "G": 200
            },
            "FirstColor": {
              "R": 150,
              "G": 200
            },
            "EndColor": {},
            "ColorVector": {
              "ScaleY": 1.0
            },
            "Scale9Width": 1,
            "Scale9Height": 1,
            "TouchEnable": true,
            "AnchorPoint": {},
            "Position": {
              "X": 0.0,
              "Y": 0.0
            },
            "Scale": {
              "ScaleX": 1.0,
              "ScaleY": 1.0
            },
            "CColor": {},
            "IconVisible": false,
            "PrePosition": {
              "X": 0.0,
              "Y": 0.0
            },
            "PreSize": {
              "X": 1.0,
              "Y": 1.0
            },
            "Tag": 27,
            "ActionTag": 1183321986,
            "Size": {
              "X": 640.0,
              "Y": 1038.0
            },
            "Name": "Panel_1",
            "ctype": "PanelObjectData"
          },
          {
            "FileData": {
              "Type": "Normal",
              "Path": "res/ai9.9.png",
              "Plist": ""
            },
            "BlendFunc": {
              "Src": 1,
              "Dst": 771
            },
            "AnchorPoint": {
              "ScaleX": 0.5,
              "ScaleY": 0.5
            },
            "Position": {
              "X": 328.0853,
              "Y": 449.079
            },
            "Scale": {
              "ScaleX": 2.2768,
              "ScaleY": 2.0
            },
            "CColor": {},
            "IconVisible": false,
            "PrePosition": {
              "X": 0.5126,
              "Y": 0.4326
            },
            "PreSize": {
              "X": 0.3125,
              "Y": 0.1927
            },
            "LeftMargin": 228.0853,
            "RightMargin": 211.9147,
            "TopMargin": 488.921,
            "BottomMargin": 349.079,
            "Tag": 26,
            "ActionTag": -219208052,
            "Size": {
              "X": 200.0,
              "Y": 200.0
            },
            "Name": "Sprite_3",
            "ctype": "SpriteObjectData"
          },
          {
            "FileData": {
              "Type": "Normal",
              "Path": "res/ai_.png",
              "Plist": ""
            },
            "BlendFunc": {
              "Src": 1,
              "Dst": 771
            },
            "AnchorPoint": {
              "ScaleX": 0.5,
              "ScaleY": 0.5
            },
            "Position": {
              "X": 328.4404,
              "Y": 628.4846
            },
            "Scale": {
              "ScaleX": 0.5,
              "ScaleY": 0.5
            },
            "CColor": {},
            "IconVisible": false,
            "PrePosition": {
              "X": 0.5132,
              "Y": 0.6055
            },
            "PreSize": {
              "X": 1.4063,
              "Y": 0.8179
            },
            "LeftMargin": -121.5596,
            "RightMargin": -138.4404,
            "TopMargin": -14.9846,
            "BottomMargin": 203.9846,
            "Tag": 25,
            "ActionTag": -443622191,
            "Size": {
              "X": 900.0,
              "Y": 849.0
            },
            "Name": "ai__2",
            "ctype": "SpriteObjectData"
          },
          {
            "FontSize": 36,
            "LabelText": "手慢了，红包派完了",
            "OutlineColor": {
              "G": 0,
              "B": 0
            },
            "ShadowColor": {
              "R": 110,
              "G": 110,
              "B": 110
            },
            "ShadowOffsetX": 1.0,
            "ShadowOffsetY": -1.0,
            "ShadowEnabled": true,
            "AnchorPoint": {
              "ScaleX": 0.5,
              "ScaleY": 0.5
            },
            "Position": {
              "X": 322.5406,
              "Y": 602.7908
            },
            "Scale": {
              "ScaleX": 1.0,
              "ScaleY": 1.0
            },
            "CColor": {
              "R": 232,
              "G": 182,
              "B": 90
            },
            "IconVisible": false,
            "PrePosition": {
              "X": 0.504,
              "Y": 0.5807
            },
            "PreSize": {
              "X": 0.5063,
              "Y": 0.0347
            },
            "LeftMargin": 160.5406,
            "RightMargin": 155.4594,
            "TopMargin": 417.2092,
            "BottomMargin": 584.7908,
            "Tag": 28,
            "ActionTag": -1129005808,
            "Size": {
              "X": 324.0,
              "Y": 36.0
            },
            "Name": "Text_1",
            "ctype": "TextObjectData"
          },
          {
            "ClipAble": false,
            "BackColorAlpha": 0,
            "SingleColor": {
              "R": 150,
              "G": 200
            },
            "FirstColor": {
              "R": 150,
              "G": 200
            },
            "EndColor": {},
            "ColorVector": {
              "ScaleY": 1.0
            },
            "TouchEnable": true,
            "AnchorPoint": {},
            "Position": {
              "X": 185.1112,
              "Y": 270.3105
            },
            "Scale": {
              "ScaleX": 1.0,
              "ScaleY": 1.0
            },
            "CColor": {},
            "IconVisible": false,
            "PrePosition": {
              "X": 0.2892,
              "Y": 0.2604
            },
            "PreSize": {
              "X": 0.4688,
              "Y": 0.0482
            },
            "LeftMargin": 185.1112,
            "RightMargin": 154.8888,
            "TopMargin": 717.6895,
            "BottomMargin": 270.3105,
            "Tag": 30,
            "Children": [
              {
                "FontSize": 24,
                "LabelText": "查看领取详情>",
                "OutlineColor": {
                  "G": 0,
                  "B": 0
                },
                "ShadowColor": {
                  "R": 110,
                  "G": 110,
                  "B": 110
                },
                "ShadowOffsetX": 2.0,
                "ShadowOffsetY": -2.0,
                "AnchorPoint": {
                  "ScaleX": 0.5,
                  "ScaleY": 0.5
                },
                "Position": {
                  "X": 150.5851,
                  "Y": 22.1434
                },
                "Scale": {
                  "ScaleX": 1.0,
                  "ScaleY": 1.0
                },
                "CColor": {
                  "G": 226,
                  "B": 173
                },
                "IconVisible": false,
                "PrePosition": {
                  "X": 0.502,
                  "Y": 0.4429
                },
                "PreSize": {
                  "X": 0.52,
                  "Y": 0.48
                },
                "LeftMargin": 72.5851,
                "RightMargin": 71.4149,
                "TopMargin": 15.8566,
                "BottomMargin": 10.1434,
                "Tag": 31,
                "ActionTag": -424158105,
                "Size": {
                  "X": 156.0,
                  "Y": 24.0
                },
                "Name": "Text_2",
                "ctype": "TextObjectData"
              }
            ],
            "ActionTag": -1638348532,
            "Size": {
              "X": 300.0,
              "Y": 50.0
            },
            "Name": "btn_chakan",
            "ctype": "PanelObjectData"
          },
          {
            "FontSize": 14,
            "ButtonText": "",
            "TextColor": {
              "R": 65,
              "G": 65,
              "B": 70
            },
            "DisabledFileData": {
              "Type": "Default",
              "Path": "Default/Button_Disable.png",
              "Plist": ""
            },
            "PressedFileData": {
              "Type": "Normal",
              "Path": "res/a5p.png",
              "Plist": ""
            },
            "NormalFileData": {
              "Type": "Normal",
              "Path": "res/a5p.png",
              "Plist": ""
            },
            "Scale9Enable": true,
            "Scale9OriginX": 15,
            "Scale9OriginY": 11,
            "Scale9Width": 30,
            "Scale9Height": 54,
            "OutlineColor": {
              "G": 0,
              "B": 0
            },
            "ShadowColor": {
              "R": 110,
              "G": 110,
              "B": 110
            },
            "ShadowOffsetX": 2.0,
            "ShadowOffsetY": -2.0,
            "TouchEnable": true,
            "AnchorPoint": {
              "ScaleX": 0.5,
              "ScaleY": 0.5
            },
            "Position": {
              "X": 120.7909,
              "Y": 819.911
            },
            "Scale": {
              "ScaleX": 0.5,
              "ScaleY": 0.5
            },
            "CColor": {},
            "IconVisible": false,
            "PrePosition": {
              "X": 0.1887,
              "Y": 0.7899
            },
            "PreSize": {
              "X": 0.0938,
              "Y": 0.0732
            },
            "LeftMargin": 90.7909,
            "RightMargin": 489.2091,
            "TopMargin": 180.089,
            "BottomMargin": 781.911,
            "Tag": 32,
            "ActionTag": 1981934697,
            "Size": {
              "X": 60.0,
              "Y": 76.0
            },
            "Name": "btn_close",
            "ctype": "ButtonObjectData"
          }
        ],
        "Size": {
          "X": 640.0,
          "Y": 1038.0
        },
        "Name": "Layer",
        "ctype": "LayerObjectData"
      },
      "UsedResources": [
        "Default/Button_Disable.png",
        "res/a5p.png",
        "res/ai_.png",
        "res/ai9.9.png"
      ],
      "ctype": "GameFileData"
    }
  },
  "Type": "Layer"
}