{
  "ID": "0faeeb0e-60ea-41dc-aac9-0a72e13b43e4",
  "Version": "3.10.0.0",
  "Name": "redopen",
  "Content": {
    "Content": {
      "Animation": {
        "Duration": 0,
        "Speed": 1.0,
        "Timelines": [],
        "ctype": "TimelineActionData"
      },
      "AnimationList": [],
      "ObjectData": {
        "Tag": 69,
        "Children": [
          {
            "ClipAble": false,
            "ComboBoxIndex": 1,
            "SingleColor": {
              "R": 247,
              "G": 247,
              "B": 252
            },
            "FirstColor": {
              "R": 150,
              "G": 200
            },
            "EndColor": {},
            "ColorVector": {
              "ScaleY": 1.0
            },
            "Scale9Width": 1,
            "Scale9Height": 1,
            "TouchEnable": true,
            "AnchorPoint": {},
            "Position": {
              "X": 0.0,
              "Y": 0.0
            },
            "Scale": {
              "ScaleX": 1.0,
              "ScaleY": 1.0
            },
            "CColor": {},
            "IconVisible": false,
            "PrePosition": {
              "X": 0.0,
              "Y": 0.0
            },
            "PreSize": {
              "X": 1.0,
              "Y": 1.0
            },
            "Tag": 33,
            "Children": [
              {
                "FontSize": 72,
                "LabelText": "0.00",
                "OutlineColor": {
                  "G": 0,
                  "B": 0
                },
                "ShadowColor": {
                  "R": 110,
                  "G": 110,
                  "B": 110
                },
                "ShadowOffsetX": 2.0,
                "ShadowOffsetY": -2.0,
                "AnchorPoint": {
                  "ScaleX": 0.5,
                  "ScaleY": 0.5
                },
                "Position": {
                  "X": 318.739,
                  "Y": 633.7205
                },
                "Scale": {
                  "ScaleX": 1.0,
                  "ScaleY": 1.0
                },
                "CColor": {
                  "R": 0,
                  "G": 0,
                  "B": 0
                },
                "IconVisible": false,
                "PrePosition": {
                  "X": 0.498,
                  "Y": 0.6105
                },
                "PreSize": {
                  "X": 0.225,
                  "Y": 0.0694
                },
                "LeftMargin": 246.739,
                "RightMargin": 249.261,
                "TopMargin": 368.2795,
                "BottomMargin": 597.7205,
                "Tag": 38,
                "Children": [
                  {
                    "FontSize": 24,
                    "LabelText": "元",
                    "OutlineColor": {
                      "G": 0,
                      "B": 0
                    },
                    "ShadowColor": {
                      "R": 110,
                      "G": 110,
                      "B": 110
                    },
                    "ShadowOffsetX": 2.0,
                    "ShadowOffsetY": -2.0,
                    "AnchorPoint": {
                      "ScaleY": 0.5
                    },
                    "Position": {
                      "X": 150.8976,
                      "Y": 22.9928
                    },
                    "Scale": {
                      "ScaleX": 1.0,
                      "ScaleY": 1.0
                    },
                    "CColor": {
                      "R": 0,
                      "G": 0,
                      "B": 0
                    },
                    "IconVisible": false,
                    "PositionPercentXEnabled": true,
                    "PrePosition": {
                      "X": 1.0479,
                      "Y": 0.3193
                    },
                    "PreSize": {
                      "X": 0.1667,
                      "Y": 0.3333
                    },
                    "LeftMargin": 150.8976,
                    "RightMargin": -30.8976,
                    "TopMargin": 37.0072,
                    "BottomMargin": 10.9928,
                    "Tag": 39,
                    "ActionTag": 1075203524,
                    "Size": {
                      "X": 24.0,
                      "Y": 24.0
                    },
                    "Name": "Text_3",
                    "ctype": "TextObjectData"
                  }
                ],
                "ActionTag": 1148228142,
                "Size": {
                  "X": 144.0,
                  "Y": 72.0
                },
                "Name": "ft_money",
                "ctype": "TextObjectData"
              },
              {
                "DirectionType": "Vertical",
                "ScrollDirectionType": 0,
                "ClipAble": true,
                "ComboBoxIndex": 1,
                "SingleColor": {
                  "R": 230,
                  "G": 230,
                  "B": 250
                },
                "FirstColor": {
                  "R": 150,
                  "G": 150
                },
                "EndColor": {},
                "ColorVector": {
                  "ScaleY": 1.0
                },
                "Scale9Width": 1,
                "Scale9Height": 1,
                "TouchEnable": true,
                "AnchorPoint": {},
                "Position": {
                  "X": 0.0,
                  "Y": 0.0
                },
                "Scale": {
                  "ScaleX": 1.0,
                  "ScaleY": 1.0
                },
                "CColor": {},
                "IconVisible": false,
                "PrePosition": {
                  "X": 0.0,
                  "Y": 0.0
                },
                "PreSize": {
                  "X": 1.0,
                  "Y": 0.5588
                },
                "TopMargin": 458.0,
                "Tag": 40,
                "Children": [
                  {
                    "ClipAble": false,
                    "BackColorAlpha": 102,
                    "SingleColor": {
                      "R": 150,
                      "G": 200
                    },
                    "FirstColor": {
                      "R": 150,
                      "G": 200
                    },
                    "EndColor": {},
                    "ColorVector": {
                      "ScaleY": 1.0
                    },
                    "Scale9Width": 1,
                    "Scale9Height": 1,
                    "TouchEnable": true,
                    "AnchorPoint": {},
                    "Position": {
                      "X": 0.0,
                      "Y": 554.0
                    },
                    "Scale": {
                      "ScaleX": 1.0,
                      "ScaleY": 1.0
                    },
                    "CColor": {},
                    "IconVisible": false,
                    "PrePosition": {
                      "X": 0.0,
                      "Y": 0.9552
                    },
                    "PreSize": {
                      "X": 1.0,
                      "Y": 0.0448
                    },
                    "BottomMargin": 554.0,
                    "Tag": 41,
                    "Children": [
                      {
                        "IsCustomSize": true,
                        "FontSize": 24,
                        "LabelText": "999999999999999999999",
                        "OutlineColor": {
                          "G": 0,
                          "B": 0
                        },
                        "ShadowColor": {
                          "R": 110,
                          "G": 110,
                          "B": 110
                        },
                        "ShadowOffsetX": 2.0,
                        "ShadowOffsetY": -2.0,
                        "AnchorPoint": {},
                        "Position": {
                          "X": 0.0,
                          "Y": 1.0
                        },
                        "Scale": {
                          "ScaleX": 1.0,
                          "ScaleY": 1.0
                        },
                        "CColor": {
                          "R": 127,
                          "G": 127,
                          "B": 127
                        },
                        "IconVisible": false,
                        "PrePosition": {
                          "X": 0.0,
                          "Y": 0.0385
                        },
                        "PreSize": {
                          "X": 1.0,
                          "Y": 0.9231
                        },
                        "TopMargin": 1.0,
                        "BottomMargin": 1.0,
                        "Tag": 42,
                        "ActionTag": 1247832681,
                        "Size": {
                          "X": 640.0,
                          "Y": 24.0
                        },
                        "Name": "ft_top",
                        "ctype": "TextObjectData"
                      }
                    ],
                    "ActionTag": 1910712745,
                    "Size": {
                      "X": 640.0,
                      "Y": 26.0
                    },
                    "Name": "t",
                    "ctype": "PanelObjectData"
                  }
                ],
                "ActionTag": -1250568741,
                "Size": {
                  "X": 640.0,
                  "Y": 580.0
                },
                "Name": "ListView_1",
                "ctype": "ListViewObjectData"
              }
            ],
            "ActionTag": -1026360053,
            "Size": {
              "X": 640.0,
              "Y": 1038.0
            },
            "Name": "Panel_1",
            "ctype": "PanelObjectData"
          },
          {
            "FileData": {
              "Type": "Normal",
              "Path": "res/ak0.png",
              "Plist": ""
            },
            "BlendFunc": {
              "Src": 1,
              "Dst": 771
            },
            "AnchorPoint": {},
            "Position": {
              "X": 1.5367,
              "Y": 825.0536
            },
            "Scale": {
              "ScaleX": 0.59,
              "ScaleY": 0.59
            },
            "CColor": {},
            "IconVisible": false,
            "PrePosition": {
              "X": 0.0024,
              "Y": 0.7948
            },
            "PreSize": {
              "X": 1.6875,
              "Y": 0.3468
            },
            "LeftMargin": 1.5367,
            "RightMargin": -441.5367,
            "TopMargin": -147.0536,
            "BottomMargin": 825.0536,
            "Tag": 34,
            "ActionTag": 432622624,
            "Size": {
              "X": 1080.0,
              "Y": 360.0
            },
            "Name": "ak0_1",
            "ctype": "SpriteObjectData"
          },
          {
            "FileData": {
              "Type": "Default",
              "Path": "Default/Sprite.png",
              "Plist": ""
            },
            "BlendFunc": {
              "Src": 1,
              "Dst": 771
            },
            "AnchorPoint": {
              "ScaleX": 0.5,
              "ScaleY": 0.5
            },
            "Position": {
              "X": 315.865,
              "Y": 824.2753
            },
            "Scale": {
              "ScaleX": 3.0,
              "ScaleY": 3.0
            },
            "CColor": {},
            "IconVisible": false,
            "PrePosition": {
              "X": 0.4935,
              "Y": 0.7941
            },
            "PreSize": {
              "X": 0.0719,
              "Y": 0.0443
            },
            "LeftMargin": 292.865,
            "RightMargin": 301.135,
            "TopMargin": 190.7247,
            "BottomMargin": 801.2753,
            "Tag": 35,
            "ActionTag": -1661797258,
            "Size": {
              "X": 46.0,
              "Y": 46.0
            },
            "Name": "img_head",
            "ctype": "SpriteObjectData"
          },
          {
            "IsCustomSize": true,
            "FontSize": 36,
            "LabelText": "Text Label",
            "HorizontalAlignmentType": "HT_Center",
            "OutlineColor": {
              "G": 0,
              "B": 0
            },
            "ShadowColor": {
              "R": 110,
              "G": 110,
              "B": 110
            },
            "ShadowOffsetX": 2.0,
            "ShadowOffsetY": -2.0,
            "AnchorPoint": {
              "ScaleX": 0.5,
              "ScaleY": 0.5
            },
            "Position": {
              "X": 315.8689,
              "Y": 729.1985
            },
            "Scale": {
              "ScaleX": 1.0,
              "ScaleY": 1.0
            },
            "CColor": {
              "R": 0,
              "G": 0,
              "B": 0
            },
            "IconVisible": false,
            "PrePosition": {
              "X": 0.4935,
              "Y": 0.7025
            },
            "PreSize": {
              "X": 1.0,
              "Y": 0.0347
            },
            "LeftMargin": -4.1311,
            "RightMargin": 4.1311,
            "TopMargin": 290.8015,
            "BottomMargin": 711.1985,
            "Tag": 36,
            "ActionTag": 279838173,
            "Size": {
              "X": 640.0,
              "Y": 36.0
            },
            "Name": "ft_title",
            "ctype": "TextObjectData"
          },
          {
            "FontSize": 14,
            "ButtonText": "",
            "TextColor": {
              "R": 65,
              "G": 65,
              "B": 70
            },
            "DisabledFileData": {
              "Type": "Default",
              "Path": "Default/Button_Disable.png",
              "Plist": ""
            },
            "PressedFileData": {
              "Type": "Normal",
              "Path": "res/a5p.png",
              "Plist": ""
            },
            "NormalFileData": {
              "Type": "Normal",
              "Path": "res/a5p.png",
              "Plist": ""
            },
            "Scale9Enable": true,
            "Scale9OriginX": 15,
            "Scale9OriginY": 11,
            "Scale9Width": 30,
            "Scale9Height": 54,
            "OutlineColor": {
              "G": 0,
              "B": 0
            },
            "ShadowColor": {
              "R": 110,
              "G": 110,
              "B": 110
            },
            "ShadowOffsetX": 2.0,
            "ShadowOffsetY": -2.0,
            "TouchEnable": true,
            "AnchorPoint": {
              "ScaleX": 0.5,
              "ScaleY": 0.5
            },
            "Position": {
              "X": 21.3217,
              "Y": 1014.1334
            },
            "Scale": {
              "ScaleX": 0.5,
              "ScaleY": 0.5
            },
            "CColor": {},
            "IconVisible": false,
            "PrePosition": {
              "X": 0.0333,
              "Y": 0.977
            },
            "PreSize": {
              "X": 0.0938,
              "Y": 0.0732
            },
            "LeftMargin": -8.6783,
            "RightMargin": 588.6783,
            "TopMargin": -14.1334,
            "BottomMargin": 976.1334,
            "Tag": 37,
            "ActionTag": -1940094312,
            "Size": {
              "X": 60.0,
              "Y": 76.0
            },
            "Name": "btn_close",
            "ctype": "ButtonObjectData"
          },
          {
            "IsCustomSize": true,
            "FontSize": 36,
            "LabelText": "Text Label",
            "HorizontalAlignmentType": "HT_Center",
            "OutlineColor": {
              "G": 0,
              "B": 0
            },
            "ShadowColor": {
              "R": 110,
              "G": 110,
              "B": 110
            },
            "ShadowOffsetX": 2.0,
            "ShadowOffsetY": -2.0,
            "AnchorPoint": {
              "ScaleX": 0.5,
              "ScaleY": 0.5
            },
            "Position": {
              "X": 315.8689,
              "Y": 686.1976
            },
            "Scale": {
              "ScaleX": 1.0,
              "ScaleY": 1.0
            },
            "CColor": {
              "R": 0,
              "G": 0,
              "B": 0
            },
            "IconVisible": false,
            "PrePosition": {
              "X": 0.4935,
              "Y": 0.6611
            },
            "PreSize": {
              "X": 1.0,
              "Y": 0.0347
            },
            "LeftMargin": -4.1311,
            "RightMargin": 4.1311,
            "TopMargin": 333.8024,
            "BottomMargin": 668.1976,
            "Tag": 35,
            "ActionTag": -345149132,
            "Size": {
              "X": 640.0,
              "Y": 36.0
            },
            "Name": "ft_ext",
            "ctype": "TextObjectData"
          }
        ],
        "Size": {
          "X": 640.0,
          "Y": 1038.0
        },
        "Name": "Layer",
        "ctype": "LayerObjectData"
      },
      "UsedResources": [
        "Default/Button_Disable.png",
        "Default/Sprite.png",
        "res/a5p.png",
        "res/ak0.png"
      ],
      "ctype": "GameFileData"
    }
  },
  "Type": "Layer"
}