{
  "ID": "f5b6b8fa-f1cb-4b9d-85af-5b860ab524da",
  "Version": "3.10.0.0",
  "Name": "saoleisub",
  "Content": {
    "Content": {
      "Animation": {
        "Duration": 0,
        "Speed": 1.0,
        "Timelines": [],
        "ctype": "TimelineActionData"
      },
      "AnimationList": [],
      "ObjectData": {
        "Tag": 59,
        "Children": [
          {
            "IsCustomSize": true,
            "FontSize": 36,
            "LabelText": "",
            "HorizontalAlignmentType": "HT_Right",
            "VerticalAlignmentType": "VT_Center",
            "OutlineColor": {
              "G": 0,
              "B": 0
            },
            "ShadowColor": {
              "R": 110,
              "G": 110,
              "B": 110
            },
            "ShadowOffsetX": 2.0,
            "ShadowOffsetY": -2.0,
            "AnchorPoint": {
              "ScaleX": 1.0
            },
            "Position": {
              "X": 605.0,
              "Y": 0.0
            },
            "Scale": {
              "ScaleX": 1.0,
              "ScaleY": 1.0
            },
            "CColor": {
              "R": 0,
              "G": 0,
              "B": 0
            },
            "IconVisible": false,
            "PrePosition": {
              "X": 0.9453,
              "Y": 0.0
            },
            "PreSize": {
              "X": 0.9453,
              "Y": 1.0
            },
            "RightMargin": 35.0,
            "Tag": 60,
            "ActionTag": 1031852547,
            "Size": {
              "X": 605.0,
              "Y": 50.0
            },
            "Name": "ft_text",
            "ctype": "TextObjectData"
          },
          {
            "ClipAble": false,
            "SingleColor": {
              "R": 150,
              "G": 200
            },
            "FirstColor": {
              "R": 150,
              "G": 200
            },
            "EndColor": {},
            "ColorVector": {
              "ScaleY": 1.0
            },
            "TouchEnable": true,
            "AnchorPoint": {},
            "Position": {
              "X": 0.0,
              "Y": 0.0
            },
            "Scale": {
              "ScaleX": 1.0,
              "ScaleY": 1.0
            },
            "CColor": {},
            "IconVisible": false,
            "PrePosition": {
              "X": 0.0,
              "Y": 0.0
            },
            "PreSize": {
              "X": 1.0,
              "Y": 1.0
            },
            "Tag": 61,
            "ActionTag": -2131780490,
            "Size": {
              "X": 640.0,
              "Y": 50.0
            },
            "Name": "btn_p",
            "ctype": "PanelObjectData"
          }
        ],
        "Size": {
          "X": 640.0,
          "Y": 50.0
        },
        "Name": "Layer",
        "ctype": "LayerObjectData"
      },
      "UsedResources": [],
      "ctype": "GameFileData"
    }
  },
  "Type": "Layer"
}