{
  "ID": "f6546fe5-46b5-429f-931d-30047d1f36c6",
  "Version": "3.10.0.0",
  "Name": "sys",
  "Content": {
    "Content": {
      "Animation": {
        "Duration": 0,
        "Speed": 1.0,
        "Timelines": [],
        "ctype": "TimelineActionData"
      },
      "AnimationList": [],
      "ObjectData": {
        "Tag": 42,
        "Children": [
          {
            "DirectionType": "Vertical",
            "ScrollDirectionType": 0,
            "ClipAble": false,
            "BackColorAlpha": 0,
            "ComboBoxIndex": 1,
            "SingleColor": {
              "R": 150,
              "G": 150
            },
            "FirstColor": {
              "R": 150,
              "G": 150
            },
            "EndColor": {},
            "ColorVector": {
              "ScaleY": 1.0
            },
            "Scale9Width": 1,
            "Scale9Height": 1,
            "TouchEnable": true,
            "AnchorPoint": {},
            "Position": {
              "X": 0.0,
              "Y": 0.0
            },
            "Scale": {
              "ScaleX": 1.0,
              "ScaleY": 1.0
            },
            "CColor": {},
            "IconVisible": false,
            "PrePosition": {
              "X": 0.0,
              "Y": 0.0
            },
            "PreSize": {
              "X": 1.0,
              "Y": 1.0
            },
            "Tag": 43,
            "Children": [
              {
                "FileData": {
                  "Type": "Normal",
                  "Path": "userCenter/Top_icon.png",
                  "Plist": ""
                },
                "Scale9OriginX": 211,
                "Scale9OriginY": 37,
                "Scale9Width": 218,
                "Scale9Height": 40,
                "AnchorPoint": {
                  "ScaleX": 0.5,
                  "ScaleY": 0.5
                },
                "Position": {
                  "X": 320.0,
                  "Y": 643.0
                },
                "Scale": {
                  "ScaleX": 1.0,
                  "ScaleY": 1.0
                },
                "CColor": {},
                "IconVisible": false,
                "PrePosition": {
                  "X": 0.5,
                  "Y": 0.932
                },
                "PreSize": {
                  "X": 1.0,
                  "Y": 0.136
                },
                "BottomMargin": 724.0,
                "Tag": 44,
                "ActionTag": 692503418,
                "Size": {
                  "X": 640.0,
                  "Y": 114.0
                },
                "Name": "img_top",
                "ctype": "ImageViewObjectData"
              }
            ],
            "ActionTag": -743528089,
            "Size": {
              "X": 640.0,
              "Y": 700.0
            },
            "Name": "listview",
            "ctype": "ListViewObjectData"
          }
        ],
        "Size": {
          "X": 640.0,
          "Y": 700.0
        },
        "Name": "Layer",
        "ctype": "LayerObjectData"
      },
      "UsedResources": [
        "userCenter/Top_icon.png"
      ],
      "ctype": "GameFileData"
    }
  },
  "Type": "Layer"
}