{
  "ID": "b7748d47-d175-4cdf-81fd-771aab22e870",
  "Version": "3.10.0.0",
  "Name": "tips",
  "Content": {
    "Content": {
      "Animation": {
        "Duration": 0,
        "Speed": 1.0,
        "Timelines": [],
        "ctype": "TimelineActionData"
      },
      "AnimationList": [],
      "ObjectData": {
        "Tag": 705,
        "Children": [
          {
            "ClipAble": false,
            "BackColorAlpha": 102,
            "FileData": {
              "Type": "Normal",
              "Path": "tips/tips_di.png",
              "Plist": ""
            },
            "SingleColor": {
              "R": 150,
              "G": 200
            },
            "FirstColor": {
              "R": 150,
              "G": 200
            },
            "EndColor": {},
            "ColorVector": {
              "ScaleY": 1.0
            },
            "Scale9OriginX": 190,
            "Scale9OriginY": 132,
            "Scale9Width": 196,
            "Scale9Height": 139,
            "TouchEnable": true,
            "AnchorPoint": {},
            "Position": {
              "X": 0.0,
              "Y": 0.923
            },
            "Scale": {
              "ScaleX": 1.0,
              "ScaleY": 1.0
            },
            "CColor": {},
            "IconVisible": false,
            "PrePosition": {
              "X": 0.0,
              "Y": 0.0023
            },
            "PreSize": {
              "X": 1.0,
              "Y": 1.0
            },
            "TopMargin": -0.923,
            "BottomMargin": 0.923,
            "Tag": 706,
            "ActionTag": -692576612,
            "Size": {
              "X": 576.0,
              "Y": 403.0
            },
            "Alpha": 182,
            "Name": "Panel_1",
            "ctype": "PanelObjectData"
          },
          {
            "FileData": {
              "Type": "Normal",
              "Path": "tips/tips_top.png",
              "Plist": ""
            },
            "BlendFunc": {
              "Src": 1,
              "Dst": 771
            },
            "AnchorPoint": {
              "ScaleX": 0.5,
              "ScaleY": 0.5
            },
            "Position": {
              "X": 288.2081,
              "Y": 369.5809
            },
            "Scale": {
              "ScaleX": 1.0,
              "ScaleY": 1.0
            },
            "CColor": {},
            "IconVisible": false,
            "PrePosition": {
              "X": 0.5004,
              "Y": 0.9171
            },
            "PreSize": {
              "X": 1.0,
              "Y": 0.1663
            },
            "LeftMargin": 0.2081,
            "RightMargin": -0.2081,
            "TopMargin": -0.0809,
            "BottomMargin": 336.0809,
            "Tag": 707,
            "ActionTag": 1412473925,
            "Size": {
              "X": 576.0,
              "Y": 67.0
            },
            "Name": "tips_top_1",
            "ctype": "SpriteObjectData"
          },
          {
            "FontSize": 40,
            "LabelText": "提示",
            "OutlineColor": {
              "G": 0,
              "B": 0
            },
            "ShadowColor": {
              "R": 110,
              "G": 110,
              "B": 110
            },
            "ShadowOffsetX": 2.0,
            "ShadowOffsetY": -2.0,
            "AnchorPoint": {
              "ScaleX": 0.5,
              "ScaleY": 0.5
            },
            "Position": {
              "X": 298.1632,
              "Y": 364.423
            },
            "Scale": {
              "ScaleX": 1.0,
              "ScaleY": 1.0
            },
            "CColor": {},
            "IconVisible": false,
            "PrePosition": {
              "X": 0.5176,
              "Y": 0.9043
            },
            "PreSize": {
              "X": 0.1389,
              "Y": 0.0993
            },
            "LeftMargin": 258.1632,
            "RightMargin": 237.8368,
            "TopMargin": 18.577,
            "BottomMargin": 344.423,
            "Tag": 640,
            "ActionTag": 446015213,
            "Size": {
              "X": 80.0,
              "Y": 40.0
            },
            "Name": "Text_2",
            "ctype": "TextObjectData"
          },
          {
            "FontSize": 14,
            "ButtonText": "",
            "TextColor": {
              "R": 65,
              "G": 65,
              "B": 70
            },
            "DisabledFileData": {
              "Type": "Default",
              "Path": "Default/Button_Disable.png",
              "Plist": ""
            },
            "PressedFileData": {
              "Type": "Normal",
              "Path": "tips/tips_colse.png",
              "Plist": ""
            },
            "NormalFileData": {
              "Type": "Normal",
              "Path": "tips/tips_colse.png",
              "Plist": ""
            },
            "Scale9Enable": true,
            "Scale9OriginX": 15,
            "Scale9OriginY": 11,
            "Scale9Width": 16,
            "Scale9Height": 24,
            "OutlineColor": {
              "G": 0,
              "B": 0
            },
            "ShadowColor": {
              "R": 110,
              "G": 110,
              "B": 110
            },
            "ShadowOffsetX": 2.0,
            "ShadowOffsetY": -2.0,
            "TouchEnable": true,
            "AnchorPoint": {
              "ScaleX": 0.5,
              "ScaleY": 0.5
            },
            "Position": {
              "X": 566.4855,
              "Y": 385.8007
            },
            "Scale": {
              "ScaleX": 1.0,
              "ScaleY": 1.0
            },
            "CColor": {},
            "IconVisible": false,
            "PrePosition": {
              "X": 0.9835,
              "Y": 0.9573
            },
            "PreSize": {
              "X": 0.0799,
              "Y": 0.1141
            },
            "LeftMargin": 543.4855,
            "RightMargin": -13.4855,
            "TopMargin": -5.8007,
            "BottomMargin": 362.8007,
            "Tag": 708,
            "ActionTag": -42209569,
            "Size": {
              "X": 46.0,
              "Y": 46.0
            },
            "Name": "btn_close",
            "ctype": "ButtonObjectData"
          },
          {
            "FontSize": 36,
            "ButtonText": "取消",
            "TextColor": {},
            "DisabledFileData": {
              "Type": "Default",
              "Path": "Default/Button_Disable.png",
              "Plist": ""
            },
            "PressedFileData": {
              "Type": "Normal",
              "Path": "tips/tips_no.png",
              "Plist": ""
            },
            "NormalFileData": {
              "Type": "Normal",
              "Path": "tips/tips_no.png",
              "Plist": ""
            },
            "Scale9Enable": true,
            "Scale9OriginX": 15,
            "Scale9OriginY": 11,
            "Scale9Width": 121,
            "Scale9Height": 25,
            "OutlineColor": {
              "G": 0,
              "B": 0
            },
            "ShadowColor": {
              "R": 110,
              "G": 110,
              "B": 110
            },
            "ShadowOffsetX": 2.0,
            "ShadowOffsetY": -2.0,
            "TouchEnable": true,
            "AnchorPoint": {
              "ScaleX": 0.5,
              "ScaleY": 0.5917
            },
            "Position": {
              "X": 414.2103,
              "Y": 78.3655
            },
            "Scale": {
              "ScaleX": 1.0,
              "ScaleY": 1.0
            },
            "CColor": {},
            "IconVisible": false,
            "PrePosition": {
              "X": 0.7191,
              "Y": 0.1945
            },
            "PreSize": {
              "X": 0.2622,
              "Y": 0.1166
            },
            "LeftMargin": 338.7103,
            "RightMargin": 86.2897,
            "TopMargin": 305.4444,
            "BottomMargin": 50.5556,
            "Tag": 711,
            "ActionTag": 2025477040,
            "Size": {
              "X": 151.0,
              "Y": 47.0
            },
            "Name": "btn_no",
            "ctype": "ButtonObjectData"
          },
          {
            "FontSize": 36,
            "ButtonText": "确定",
            "TextColor": {},
            "DisabledFileData": {
              "Type": "Default",
              "Path": "Default/Button_Disable.png",
              "Plist": ""
            },
            "PressedFileData": {
              "Type": "Normal",
              "Path": "tips/btn_sure.png",
              "Plist": ""
            },
            "NormalFileData": {
              "Type": "Normal",
              "Path": "tips/btn_sure.png",
              "Plist": ""
            },
            "Scale9Enable": true,
            "Scale9OriginX": 15,
            "Scale9OriginY": 11,
            "Scale9Width": 121,
            "Scale9Height": 25,
            "OutlineColor": {
              "G": 0,
              "B": 0
            },
            "ShadowColor": {
              "R": 110,
              "G": 110,
              "B": 110
            },
            "ShadowOffsetX": 2.0,
            "ShadowOffsetY": -2.0,
            "TouchEnable": true,
            "AnchorPoint": {
              "ScaleX": 0.5,
              "ScaleY": 0.5
            },
            "Position": {
              "X": 170.5951,
              "Y": 74.0543
            },
            "Scale": {
              "ScaleX": 1.0,
              "ScaleY": 1.0
            },
            "CColor": {},
            "IconVisible": false,
            "PrePosition": {
              "X": 0.2962,
              "Y": 0.1838
            },
            "PreSize": {
              "X": 0.2622,
              "Y": 0.1166
            },
            "LeftMargin": 95.0951,
            "RightMargin": 329.9049,
            "TopMargin": 305.4457,
            "BottomMargin": 50.5543,
            "Tag": 710,
            "ActionTag": -1440701241,
            "Size": {
              "X": 151.0,
              "Y": 47.0
            },
            "Name": "btn_sure",
            "ctype": "ButtonObjectData"
          },
          {
            "IsCustomSize": true,
            "FontSize": 36,
            "LabelText": "提示\n",
            "HorizontalAlignmentType": "HT_Center",
            "VerticalAlignmentType": "VT_Center",
            "OutlineColor": {
              "G": 0,
              "B": 0
            },
            "ShadowColor": {
              "R": 110,
              "G": 110,
              "B": 110
            },
            "ShadowOffsetX": 2.0,
            "ShadowOffsetY": -2.0,
            "AnchorPoint": {
              "ScaleX": 0.5,
              "ScaleY": 0.5
            },
            "Position": {
              "X": 298.6694,
              "Y": 195.8404
            },
            "Scale": {
              "ScaleX": 1.0,
              "ScaleY": 1.0
            },
            "CColor": {},
            "IconVisible": false,
            "PrePosition": {
              "X": 0.5185,
              "Y": 0.486
            },
            "PreSize": {
              "X": 0.6944,
              "Y": 0.397
            },
            "LeftMargin": 98.6694,
            "RightMargin": 77.3306,
            "TopMargin": 127.1596,
            "BottomMargin": 115.8404,
            "Tag": 709,
            "ActionTag": 989082596,
            "Size": {
              "X": 400.0,
              "Y": 160.0
            },
            "Name": "Text_1",
            "ctype": "TextObjectData"
          }
        ],
        "Size": {
          "X": 576.0,
          "Y": 403.0
        },
        "Name": "Layer",
        "ctype": "LayerObjectData"
      },
      "UsedResources": [
        "Default/Button_Disable.png",
        "tips/btn_sure.png",
        "tips/tips_colse.png",
        "tips/tips_di.png",
        "tips/tips_no.png",
        "tips/tips_top.png"
      ],
      "ctype": "GameFileData"
    }
  },
  "Type": "Layer"
}