{
  "ID": "0978796e-cb4c-4dd4-806a-e4ef74397ce7",
  "Version": "3.10.0.0",
  "Name": "tocash",
  "Content": {
    "Content": {
      "Animation": {
        "Duration": 0,
        "Speed": 1.0,
        "Timelines": [],
        "ctype": "TimelineActionData"
      },
      "AnimationList": [],
      "ObjectData": {
        "Tag": 105,
        "Children": [
          {
            "ClipAble": false,
            "FileData": {
              "Type": "Normal",
              "Path": "shop/shop_icon_bg.png",
              "Plist": ""
            },
            "ComboBoxIndex": 1,
            "SingleColor": {},
            "FirstColor": {
              "R": 150,
              "G": 200
            },
            "EndColor": {},
            "ColorVector": {
              "ScaleY": 1.0
            },
            "Scale9OriginX": 211,
            "Scale9OriginY": 302,
            "Scale9Width": 218,
            "Scale9Height": 314,
            "TouchEnable": true,
            "AnchorPoint": {},
            "Position": {
              "X": 0.0001,
              "Y": -1.93
            },
            "Scale": {
              "ScaleX": 1.0,
              "ScaleY": 1.0
            },
            "CColor": {},
            "IconVisible": false,
            "PrePosition": {
              "X": 0.0,
              "Y": -0.0021
            },
            "PreSize": {
              "X": 1.0,
              "Y": 1.0
            },
            "LeftMargin": 0.0001,
            "RightMargin": -0.0001,
            "TopMargin": 1.93,
            "BottomMargin": -1.93,
            "Tag": 106,
            "Children": [
              {
                "FileData": {
                  "Type": "Default",
                  "Path": "Default/Sprite.png",
                  "Plist": ""
                },
                "BlendFunc": {
                  "Src": 1,
                  "Dst": 771
                },
                "AnchorPoint": {
                  "ScaleX": 0.5,
                  "ScaleY": 0.5
                },
                "Position": {
                  "X": 163.79,
                  "Y": 723.6673
                },
                "Scale": {
                  "ScaleX": 3.26,
                  "ScaleY": 3.26
                },
                "CColor": {},
                "IconVisible": false,
                "PrePosition": {
                  "X": 0.2559,
                  "Y": 0.7883
                },
                "PreSize": {
                  "X": 0.0719,
                  "Y": 0.0501
                },
                "LeftMargin": 140.79,
                "RightMargin": 453.21,
                "TopMargin": 171.3327,
                "BottomMargin": 700.6673,
                "Tag": 107,
                "ActionTag": 1793208092,
                "Size": {
                  "X": 46.0,
                  "Y": 46.0
                },
                "Name": "img_head",
                "ctype": "SpriteObjectData"
              },
              {
                "IsCustomSize": true,
                "FontSize": 36,
                "LabelText": "Text Label",
                "OutlineColor": {
                  "G": 0,
                  "B": 0
                },
                "ShadowColor": {
                  "R": 110,
                  "G": 110,
                  "B": 110
                },
                "ShadowOffsetX": 2.0,
                "ShadowOffsetY": -2.0,
                "AnchorPoint": {
                  "ScaleY": 0.5
                },
                "Position": {
                  "X": 341.2912,
                  "Y": 675.802
                },
                "Scale": {
                  "ScaleX": 1.0,
                  "ScaleY": 1.0
                },
                "CColor": {},
                "IconVisible": false,
                "PrePosition": {
                  "X": 0.5333,
                  "Y": 0.7362
                },
                "PreSize": {
                  "X": 0.3125,
                  "Y": 0.0392
                },
                "LeftMargin": 341.2912,
                "RightMargin": 98.7088,
                "TopMargin": 224.198,
                "BottomMargin": 657.802,
                "Tag": 108,
                "ActionTag": 2106300262,
                "Size": {
                  "X": 200.0,
                  "Y": 36.0
                },
                "Name": "ft_uid",
                "ctype": "TextObjectData"
              },
              {
                "IsCustomSize": true,
                "FontSize": 36,
                "LabelText": "Text Label",
                "OutlineColor": {
                  "G": 0,
                  "B": 0
                },
                "ShadowColor": {
                  "R": 110,
                  "G": 110,
                  "B": 110
                },
                "ShadowOffsetX": 2.0,
                "ShadowOffsetY": -2.0,
                "AnchorPoint": {
                  "ScaleX": 0.5,
                  "ScaleY": 0.5
                },
                "Position": {
                  "X": 396.4623,
                  "Y": 756.3306
                },
                "Scale": {
                  "ScaleX": 1.0,
                  "ScaleY": 1.0
                },
                "CColor": {},
                "IconVisible": false,
                "PrePosition": {
                  "X": 0.6195,
                  "Y": 0.8239
                },
                "PreSize": {
                  "X": 0.4688,
                  "Y": 0.0392
                },
                "LeftMargin": 246.4623,
                "RightMargin": 93.5377,
                "TopMargin": 143.6694,
                "BottomMargin": 738.3306,
                "Tag": 109,
                "ActionTag": -129951616,
                "Size": {
                  "X": 300.0,
                  "Y": 36.0
                },
                "Name": "ft_nickname",
                "ctype": "TextObjectData"
              },
              {
                "IsCustomSize": true,
                "FontSize": 36,
                "LabelText": "0",
                "OutlineColor": {
                  "G": 0,
                  "B": 0
                },
                "ShadowColor": {
                  "R": 110,
                  "G": 110,
                  "B": 110
                },
                "ShadowOffsetX": 2.0,
                "ShadowOffsetY": -2.0,
                "AnchorPoint": {
                  "ScaleX": 0.5,
                  "ScaleY": 0.5
                },
                "Position": {
                  "X": 433.139,
                  "Y": 322.0756
                },
                "Scale": {
                  "ScaleX": 1.0,
                  "ScaleY": 1.0
                },
                "CColor": {},
                "IconVisible": false,
                "PrePosition": {
                  "X": 0.6768,
                  "Y": 0.3508
                },
                "PreSize": {
                  "X": 0.5625,
                  "Y": 0.0392
                },
                "LeftMargin": 253.139,
                "RightMargin": 26.861,
                "TopMargin": 577.9244,
                "BottomMargin": 304.0756,
                "Tag": 110,
                "ActionTag": -835981665,
                "Size": {
                  "X": 360.0,
                  "Y": 36.0
                },
                "Name": "ft_bill",
                "ctype": "TextObjectData"
              },
              {
                "FontSize": 36,
                "LabelText": "转账金额:",
                "HorizontalAlignmentType": "HT_Right",
                "OutlineColor": {
                  "G": 0,
                  "B": 0
                },
                "ShadowColor": {
                  "R": 110,
                  "G": 110,
                  "B": 110
                },
                "ShadowOffsetX": 2.0,
                "ShadowOffsetY": -2.0,
                "AnchorPoint": {
                  "ScaleX": 0.5,
                  "ScaleY": 0.5
                },
                "Position": {
                  "X": 134.6869,
                  "Y": 323.6547
                },
                "Scale": {
                  "ScaleX": 1.0,
                  "ScaleY": 1.0
                },
                "CColor": {},
                "IconVisible": false,
                "PrePosition": {
                  "X": 0.2104,
                  "Y": 0.3526
                },
                "PreSize": {
                  "X": 0.2531,
                  "Y": 0.0392
                },
                "LeftMargin": 53.6869,
                "RightMargin": 424.3131,
                "TopMargin": 576.3453,
                "BottomMargin": 305.6547,
                "Tag": 111,
                "ActionTag": -1701090340,
                "Size": {
                  "X": 162.0,
                  "Y": 36.0
                },
                "Name": "ft_text",
                "ctype": "TextObjectData"
              },
              {
                "FontSize": 48,
                "ButtonText": "发送红包",
                "TextColor": {},
                "DisabledFileData": {
                  "Type": "Default",
                  "Path": "Default/Button_Disable.png",
                  "Plist": ""
                },
                "PressedFileData": {
                  "Type": "Normal",
                  "Path": "userCenter/redBag_disi.png",
                  "Plist": ""
                },
                "NormalFileData": {
                  "Type": "Normal",
                  "Path": "userCenter/redBag_disi.png",
                  "Plist": ""
                },
                "Scale9Enable": true,
                "Scale9OriginX": 15,
                "Scale9OriginY": 11,
                "Scale9Width": 514,
                "Scale9Height": 63,
                "OutlineColor": {
                  "G": 0,
                  "B": 0
                },
                "ShadowColor": {
                  "R": 110,
                  "G": 110,
                  "B": 110
                },
                "ShadowOffsetX": 2.0,
                "ShadowOffsetY": -2.0,
                "TouchEnable": true,
                "AnchorPoint": {
                  "ScaleX": 0.5,
                  "ScaleY": 0.5
                },
                "Position": {
                  "X": 326.894,
                  "Y": 143.5743
                },
                "Scale": {
                  "ScaleX": 1.0,
                  "ScaleY": 1.0
                },
                "CColor": {},
                "IconVisible": false,
                "PrePosition": {
                  "X": 0.5108,
                  "Y": 0.1564
                },
                "PreSize": {
                  "X": 0.85,
                  "Y": 0.0926
                },
                "LeftMargin": 54.894,
                "RightMargin": 41.106,
                "TopMargin": 731.9257,
                "BottomMargin": 101.0743,
                "Tag": 112,
                "ActionTag": 2012869827,
                "Size": {
                  "X": 544.0,
                  "Y": 85.0
                },
                "Name": "btn_bill",
                "ctype": "ButtonObjectData"
              },
              {
                "FontSize": 48,
                "ButtonText": "10",
                "TextColor": {},
                "DisabledFileData": {
                  "Type": "Default",
                  "Path": "Default/Button_Disable.png",
                  "Plist": ""
                },
                "PressedFileData": {
                  "Type": "Normal",
                  "Path": "userCenter/Dicon_0d.png",
                  "Plist": ""
                },
                "NormalFileData": {
                  "Type": "Normal",
                  "Path": "userCenter/Dicon_0d.png",
                  "Plist": ""
                },
                "Scale9Enable": true,
                "Scale9OriginX": 15,
                "Scale9OriginY": 11,
                "Scale9Width": 104,
                "Scale9Height": 33,
                "OutlineColor": {
                  "G": 0,
                  "B": 0
                },
                "ShadowColor": {
                  "R": 110,
                  "G": 110,
                  "B": 110
                },
                "ShadowOffsetX": 2.0,
                "ShadowOffsetY": -2.0,
                "TouchEnable": true,
                "AnchorPoint": {
                  "ScaleX": 0.5,
                  "ScaleY": 0.5
                },
                "Position": {
                  "X": 128.1907,
                  "Y": 540.1712
                },
                "Scale": {
                  "ScaleX": 1.0,
                  "ScaleY": 1.0
                },
                "CColor": {},
                "IconVisible": false,
                "PrePosition": {
                  "X": 0.2003,
                  "Y": 0.5884
                },
                "PreSize": {
                  "X": 0.2344,
                  "Y": 0.0545
                },
                "LeftMargin": 53.1907,
                "RightMargin": 436.8093,
                "TopMargin": 352.8288,
                "BottomMargin": 515.1712,
                "UserData": "10",
                "Tag": 113,
                "ActionTag": 2074921499,
                "Size": {
                  "X": 150.0,
                  "Y": 50.0
                },
                "Name": "btn_10",
                "ctype": "ButtonObjectData"
              },
              {
                "FontSize": 48,
                "ButtonText": "50",
                "TextColor": {},
                "DisabledFileData": {
                  "Type": "Default",
                  "Path": "Default/Button_Disable.png",
                  "Plist": ""
                },
                "PressedFileData": {
                  "Type": "Normal",
                  "Path": "userCenter/Dicon_0d.png",
                  "Plist": ""
                },
                "NormalFileData": {
                  "Type": "Normal",
                  "Path": "userCenter/Dicon_0d.png",
                  "Plist": ""
                },
                "Scale9Enable": true,
                "Scale9OriginX": 15,
                "Scale9OriginY": 11,
                "Scale9Width": 104,
                "Scale9Height": 33,
                "OutlineColor": {
                  "G": 0,
                  "B": 0
                },
                "ShadowColor": {
                  "R": 110,
                  "G": 110,
                  "B": 110
                },
                "ShadowOffsetX": 2.0,
                "ShadowOffsetY": -2.0,
                "TouchEnable": true,
                "AnchorPoint": {
                  "ScaleX": 0.5,
                  "ScaleY": 0.5
                },
                "Position": {
                  "X": 487.5342,
                  "Y": 540.1712
                },
                "Scale": {
                  "ScaleX": 1.0,
                  "ScaleY": 1.0
                },
                "CColor": {},
                "IconVisible": false,
                "PrePosition": {
                  "X": 0.7618,
                  "Y": 0.5884
                },
                "PreSize": {
                  "X": 0.2344,
                  "Y": 0.0545
                },
                "LeftMargin": 412.5342,
                "RightMargin": 77.4658,
                "TopMargin": 352.8288,
                "BottomMargin": 515.1712,
                "UserData": "50",
                "Tag": 114,
                "ActionTag": 2037523371,
                "Size": {
                  "X": 150.0,
                  "Y": 50.0
                },
                "Name": "btn_50",
                "ctype": "ButtonObjectData"
              },
              {
                "FontSize": 48,
                "ButtonText": "100",
                "TextColor": {},
                "DisabledFileData": {
                  "Type": "Default",
                  "Path": "Default/Button_Disable.png",
                  "Plist": ""
                },
                "PressedFileData": {
                  "Type": "Normal",
                  "Path": "userCenter/Dicon_0d.png",
                  "Plist": ""
                },
                "NormalFileData": {
                  "Type": "Normal",
                  "Path": "userCenter/Dicon_0d.png",
                  "Plist": ""
                },
                "Scale9Enable": true,
                "Scale9OriginX": 15,
                "Scale9OriginY": 11,
                "Scale9Width": 104,
                "Scale9Height": 33,
                "OutlineColor": {
                  "G": 0,
                  "B": 0
                },
                "ShadowColor": {
                  "R": 110,
                  "G": 110,
                  "B": 110
                },
                "ShadowOffsetX": 2.0,
                "ShadowOffsetY": -2.0,
                "TouchEnable": true,
                "AnchorPoint": {
                  "ScaleX": 0.5,
                  "ScaleY": 0.5
                },
                "Position": {
                  "X": 128.1907,
                  "Y": 437.1747
                },
                "Scale": {
                  "ScaleX": 1.0,
                  "ScaleY": 1.0
                },
                "CColor": {},
                "IconVisible": false,
                "PrePosition": {
                  "X": 0.2003,
                  "Y": 0.4762
                },
                "PreSize": {
                  "X": 0.2344,
                  "Y": 0.0545
                },
                "LeftMargin": 53.1907,
                "RightMargin": 436.8093,
                "TopMargin": 455.8253,
                "BottomMargin": 412.1747,
                "UserData": "100",
                "Tag": 115,
                "ActionTag": -1078876868,
                "Size": {
                  "X": 150.0,
                  "Y": 50.0
                },
                "Name": "btn_100",
                "ctype": "ButtonObjectData"
              },
              {
                "FontSize": 48,
                "ButtonText": "500",
                "TextColor": {},
                "DisabledFileData": {
                  "Type": "Default",
                  "Path": "Default/Button_Disable.png",
                  "Plist": ""
                },
                "PressedFileData": {
                  "Type": "Normal",
                  "Path": "userCenter/Dicon_0d.png",
                  "Plist": ""
                },
                "NormalFileData": {
                  "Type": "Normal",
                  "Path": "userCenter/Dicon_0d.png",
                  "Plist": ""
                },
                "Scale9Enable": true,
                "Scale9OriginX": 15,
                "Scale9OriginY": 11,
                "Scale9Width": 104,
                "Scale9Height": 33,
                "OutlineColor": {
                  "G": 0,
                  "B": 0
                },
                "ShadowColor": {
                  "R": 110,
                  "G": 110,
                  "B": 110
                },
                "ShadowOffsetX": 2.0,
                "ShadowOffsetY": -2.0,
                "TouchEnable": true,
                "AnchorPoint": {
                  "ScaleX": 0.5,
                  "ScaleY": 0.5
                },
                "Position": {
                  "X": 307.8626,
                  "Y": 437.1747
                },
                "Scale": {
                  "ScaleX": 1.0,
                  "ScaleY": 1.0
                },
                "CColor": {},
                "IconVisible": false,
                "PrePosition": {
                  "X": 0.481,
                  "Y": 0.4762
                },
                "PreSize": {
                  "X": 0.2344,
                  "Y": 0.0545
                },
                "LeftMargin": 232.8626,
                "RightMargin": 257.1374,
                "TopMargin": 455.8253,
                "BottomMargin": 412.1747,
                "UserData": "500",
                "Tag": 116,
                "ActionTag": -1015755887,
                "Size": {
                  "X": 150.0,
                  "Y": 50.0
                },
                "Name": "btn_500",
                "ctype": "ButtonObjectData"
              },
              {
                "FontSize": 48,
                "ButtonText": "1000",
                "TextColor": {},
                "DisabledFileData": {
                  "Type": "Default",
                  "Path": "Default/Button_Disable.png",
                  "Plist": ""
                },
                "PressedFileData": {
                  "Type": "Normal",
                  "Path": "userCenter/Dicon_0d.png",
                  "Plist": ""
                },
                "NormalFileData": {
                  "Type": "Normal",
                  "Path": "userCenter/Dicon_0d.png",
                  "Plist": ""
                },
                "Scale9Enable": true,
                "Scale9OriginX": 15,
                "Scale9OriginY": 11,
                "Scale9Width": 104,
                "Scale9Height": 33,
                "OutlineColor": {
                  "G": 0,
                  "B": 0
                },
                "ShadowColor": {
                  "R": 110,
                  "G": 110,
                  "B": 110
                },
                "ShadowOffsetX": 2.0,
                "ShadowOffsetY": -2.0,
                "TouchEnable": true,
                "AnchorPoint": {
                  "ScaleX": 0.4649,
                  "ScaleY": 0.6053
                },
                "Position": {
                  "X": 482.265,
                  "Y": 442.4374
                },
                "Scale": {
                  "ScaleX": 1.0,
                  "ScaleY": 1.0
                },
                "CColor": {},
                "IconVisible": false,
                "PrePosition": {
                  "X": 0.7535,
                  "Y": 0.482
                },
                "PreSize": {
                  "X": 0.2344,
                  "Y": 0.0545
                },
                "LeftMargin": 412.53,
                "RightMargin": 77.47,
                "TopMargin": 455.8276,
                "BottomMargin": 412.1724,
                "UserData": "1000",
                "Tag": 117,
                "ActionTag": -1359278785,
                "Size": {
                  "X": 150.0,
                  "Y": 50.0
                },
                "Name": "btn_1000",
                "ctype": "ButtonObjectData"
              },
              {
                "FontSize": 48,
                "ButtonText": "20",
                "TextColor": {},
                "DisabledFileData": {
                  "Type": "Default",
                  "Path": "Default/Button_Disable.png",
                  "Plist": ""
                },
                "PressedFileData": {
                  "Type": "Normal",
                  "Path": "userCenter/Dicon_0d.png",
                  "Plist": ""
                },
                "NormalFileData": {
                  "Type": "Normal",
                  "Path": "userCenter/Dicon_0d.png",
                  "Plist": ""
                },
                "Scale9Enable": true,
                "Scale9OriginX": 15,
                "Scale9OriginY": 11,
                "Scale9Width": 104,
                "Scale9Height": 33,
                "OutlineColor": {
                  "G": 0,
                  "B": 0
                },
                "ShadowColor": {
                  "R": 110,
                  "G": 110,
                  "B": 110
                },
                "ShadowOffsetX": 2.0,
                "ShadowOffsetY": -2.0,
                "TouchEnable": true,
                "AnchorPoint": {
                  "ScaleX": 0.5362,
                  "ScaleY": 0.5843
                },
                "Position": {
                  "X": 313.2999,
                  "Y": 544.384
                },
                "Scale": {
                  "ScaleX": 1.0,
                  "ScaleY": 1.0
                },
                "CColor": {},
                "IconVisible": false,
                "PrePosition": {
                  "X": 0.4895,
                  "Y": 0.593
                },
                "PreSize": {
                  "X": 0.2344,
                  "Y": 0.0545
                },
                "LeftMargin": 232.8699,
                "RightMargin": 257.1301,
                "TopMargin": 352.8311,
                "BottomMargin": 515.1689,
                "UserData": "20",
                "Tag": 118,
                "ActionTag": 627071654,
                "Size": {
                  "X": 150.0,
                  "Y": 50.0
                },
                "Name": "btn_20",
                "ctype": "ButtonObjectData"
              },
              {
                "FontSize": 14,
                "ButtonText": "",
                "TextColor": {
                  "R": 65,
                  "G": 65,
                  "B": 70
                },
                "DisabledFileData": {
                  "Type": "Default",
                  "Path": "Default/Button_Disable.png",
                  "Plist": ""
                },
                "PressedFileData": {
                  "Type": "Normal",
                  "Path": "userCenter/Dicon_back.png",
                  "Plist": ""
                },
                "NormalFileData": {
                  "Type": "Normal",
                  "Path": "userCenter/Dicon_back.png",
                  "Plist": ""
                },
                "Scale9Enable": true,
                "Scale9OriginX": 5,
                "Scale9OriginY": 11,
                "Scale9Width": 8,
                "Scale9Height": 9,
                "OutlineColor": {
                  "G": 0,
                  "B": 0
                },
                "ShadowColor": {
                  "R": 110,
                  "G": 110,
                  "B": 110
                },
                "ShadowOffsetX": 2.0,
                "ShadowOffsetY": -2.0,
                "TouchEnable": true,
                "AnchorPoint": {
                  "ScaleX": 0.5,
                  "ScaleY": 0.5
                },
                "Position": {
                  "X": 30.5358,
                  "Y": 883.3282
                },
                "Scale": {
                  "ScaleX": 1.0,
                  "ScaleY": 1.0
                },
                "CColor": {},
                "IconVisible": false,
                "PrePosition": {
                  "X": 0.0477,
                  "Y": 0.9622
                },
                "PreSize": {
                  "X": 0.0281,
                  "Y": 0.0338
                },
                "LeftMargin": 21.5358,
                "RightMargin": 600.4642,
                "TopMargin": 19.1718,
                "BottomMargin": 867.8282,
                "Tag": 119,
                "ActionTag": 1314899030,
                "Size": {
                  "X": 18.0,
                  "Y": 31.0
                },
                "Name": "btn_back",
                "ctype": "ButtonObjectData"
              },
              {
                "FontSize": 36,
                "LabelText": "转账UID:",
                "HorizontalAlignmentType": "HT_Right",
                "OutlineColor": {
                  "G": 0,
                  "B": 0
                },
                "ShadowColor": {
                  "R": 110,
                  "G": 110,
                  "B": 110
                },
                "ShadowOffsetX": 2.0,
                "ShadowOffsetY": -2.0,
                "AnchorPoint": {
                  "ScaleX": 0.5,
                  "ScaleY": 0.5
                },
                "Position": {
                  "X": 128.6868,
                  "Y": 249.9629
                },
                "Scale": {
                  "ScaleX": 1.0,
                  "ScaleY": 1.0
                },
                "CColor": {},
                "IconVisible": false,
                "PrePosition": {
                  "X": 0.2011,
                  "Y": 0.2723
                },
                "PreSize": {
                  "X": 0.225,
                  "Y": 0.0392
                },
                "LeftMargin": 56.6868,
                "RightMargin": 439.3132,
                "TopMargin": 650.0371,
                "BottomMargin": 231.9629,
                "Tag": 120,
                "ActionTag": -740863371,
                "Size": {
                  "X": 144.0,
                  "Y": 36.0
                },
                "Name": "ft_text_0",
                "ctype": "TextObjectData"
              },
              {
                "FontSize": 36,
                "IsCustomSize": true,
                "LabelText": "",
                "PlaceHolderText": "转账UID",
                "MaxLengthText": 10,
                "TouchEnable": true,
                "AnchorPoint": {
                  "ScaleX": 0.5,
                  "ScaleY": 0.5
                },
                "Position": {
                  "X": 422.9104,
                  "Y": 252.8369
                },
                "Scale": {
                  "ScaleX": 1.0,
                  "ScaleY": 1.0
                },
                "CColor": {},
                "IconVisible": false,
                "PrePosition": {
                  "X": 0.6608,
                  "Y": 0.2754
                },
                "PreSize": {
                  "X": 0.5625,
                  "Y": 0.0392
                },
                "LeftMargin": 242.9104,
                "RightMargin": 37.0896,
                "TopMargin": 647.1631,
                "BottomMargin": 234.8369,
                "Tag": 122,
                "ActionTag": -297943015,
                "Size": {
                  "X": 360.0,
                  "Y": 36.0
                },
                "Name": "ft_to",
                "ctype": "TextFieldObjectData"
              },
              {
                "FontSize": 36,
                "LabelText": "UID:",
                "OutlineColor": {
                  "G": 0,
                  "B": 0
                },
                "ShadowColor": {
                  "R": 110,
                  "G": 110,
                  "B": 110
                },
                "ShadowOffsetX": 2.0,
                "ShadowOffsetY": -2.0,
                "AnchorPoint": {
                  "ScaleX": 0.5,
                  "ScaleY": 0.5
                },
                "Position": {
                  "X": 287.2319,
                  "Y": 676.0039
                },
                "Scale": {
                  "ScaleX": 1.0,
                  "ScaleY": 1.0
                },
                "CColor": {
                  "R": 210,
                  "G": 210,
                  "B": 252
                },
                "IconVisible": false,
                "PrePosition": {
                  "X": 0.4488,
                  "Y": 0.7364
                },
                "PreSize": {
                  "X": 0.1125,
                  "Y": 0.0392
                },
                "LeftMargin": 251.2319,
                "RightMargin": 316.7681,
                "TopMargin": 223.9961,
                "BottomMargin": 658.0039,
                "Tag": 165,
                "ActionTag": 410469059,
                "Size": {
                  "X": 72.0,
                  "Y": 36.0
                },
                "Name": "Text_1",
                "ctype": "TextObjectData"
              }
            ],
            "ActionTag": -1894066779,
            "Size": {
              "X": 640.0,
              "Y": 918.0
            },
            "Name": "Panel_1",
            "ctype": "PanelObjectData"
          }
        ],
        "Size": {
          "X": 640.0,
          "Y": 918.0
        },
        "Name": "Layer",
        "ctype": "LayerObjectData"
      },
      "UsedResources": [
        "Default/Button_Disable.png",
        "Default/Sprite.png",
        "shop/shop_icon_bg.png",
        "userCenter/Dicon_0d.png",
        "userCenter/Dicon_back.png",
        "userCenter/redBag_disi.png"
      ],
      "ctype": "GameFileData"
    }
  },
  "Type": "Layer"
}